CASRN	Chemical	Formula	Hfus
100-00-5	1-Chloro-4-nitrobenzene	C6H4ClNO2	14100
100-01-6	4-Nitroaniline	C6H6N2O2	21200
100-02-7	4-Nitrophenol	C6H5NO3	18800
100-41-4	Ethylbenzene	C8H10	9180
100-42-5	Styrene	C8H8	10900
100-47-0	Benzonitrile	C7H5N	9100
100-51-6	Benzyl alcohol	C7H8O	8970
100-52-7	Benzaldehyde	C7H6O	9320
100-63-0	Phenylhydrazine	C6H8N2	14050
100-66-3	Anisole	C7H8O	12900
10024-93-8	Neodymium(III) chloride	Cl3Nd	48500
10024-97-2	Nitrous oxide	N2O	6540
10025-73-7	Chromium(III) chloride	Cl3Cr	60000
10025-76-0	Europium(III) chloride	Cl3Eu	33100
10025-82-8	Indium(III) chloride	Cl3In	27000
10025-87-3	Phosphoryl chloride	Cl3OP	13100
10025-91-9	Antimony(III) chloride	Cl3Sb	12970
10026-04-7	Tetrachlorosilane	Cl4Si	7600
10026-07-0	Tellurium tetrachloride	Cl4Te	18900
10026-08-1	Thorium(IV) chloride	Cl4Th	43900
10026-10-5	Uranium(IV) chloride	Cl4U	44800
10026-11-6	Zirconium(IV) chloride	Cl4Zr	29000
10026-12-7	Niobium(V) chloride	Cl5Nb	33900
10026-17-2	Cobalt(II) fluoride	CoF2	58100
10026-23-0	Cobalt(II) selenite	CoO3Se	16300
10028-18-9	Nickel(II) fluoride	F2Ni	69000
1003-03-8	Cyclopentylamine	C5H11N	8310
10031-22-8	Lead(II) bromide	Br2Pb	16440
10031-24-0	Tin(II) bromide	Br2Sn	18000
10031-25-1	Chromium(III) bromide	Br3Cr	60000
10031-27-3	Tellurium tetrabromide	Br4Te	24700
10034-85-2	Hydrogen iodide	HI	2870
10035-10-6	Hydrogen bromide	BrH	2410
10042-76-9	Strontium nitrate	N2O6Sr	44600
10042-88-3	Terbium(III) chloride	Cl3Tb	19500
10043-11-5	Boron nitride	BN	81000
10043-35-3	Boric acid	BH3O3	22300
10043-52-4	Calcium chloride	CaCl2	28050
10049-05-5	Chromium(II) chloride	Cl2Cr	45000
10049-06-6	Titanium(II) chloride	Cl2Ti	34300
10049-10-2	Chromium(II) fluoride	CrF2	34000
10049-12-4	Vanadium(III) fluoride	F3V	57000
10049-14-6	Uranium(IV) fluoride	F4U	47000
10049-25-9	Chromium(II) bromide	Br2Cr	45000
10099-58-8	Lanthanum chloride	Cl3La	54400
101-81-5	Diphenylmethane	C13H12	18600
101-84-8	Diphenyl ether	C12H10O	17220
10101-63-0	Lead(II) iodide	I2Pb	23400
10102-24-6	Lithium metasilicate	Li2O3Si	28000
10102-43-9	Nitric oxide	NO	2300
10102-45-1	Thallium(I) nitrate	NO3Tl	9600
10102-68-8	Calcium iodide	CaI2	41800
10108-64-2	Cadmium chloride	CdCl2	48580
10124-37-5	Calcium nitrate	CaN2O6	23400
10138-41-7	Erbium chloride	Cl3Er	32600
10138-52-0	Gadolinium(III) chloride	Cl3Gd	40600
10138-62-2	Holmium chloride	Cl3Ho	30500
10139-47-6	Zinc iodide	I2Zn	17000
10241-03-9	Zirconium(III) chloride	Cl3Zr	30000
10241-05-1	Molybdenum(V) chloride	Cl5Mo	19000
10294-26-5	Silver(I) sulfate	Ag2O4S	17990
10294-34-5	Boron trichloride	BCl3	2100
10294-54-9	Cesium sulfate	Cs2O4S	35700
10294-70-9	Tin(II) iodide	I2Sn	18000
103-30-0	trans-Stilbene	C14H12	27700
103-65-1	Propylbenzene	C9H12	9270
103-82-2	Benzeneacetic acid	C8H8O2	16300
103-84-4	Acetanilide	C8H9NO	21300
103-90-2	N-(4-Hydroxyphenyl)acetamide	C8H9NO2	30500
10325-94-7	Cadmium nitrate	CdN2O6	18300
10361-37-2	Barium chloride	BaCl2	15850
10361-79-2	Praseodymium(III) chloride	Cl3Pr	50600
10361-84-9	Scandium chloride	Cl3Sc	67400
10361-91-8	Ytterbium(III) chloride	Cl3Yb	35400
10361-92-9	Yttrium chloride	Cl3Y	31500
10377-48-7	Lithium sulfate	Li2O4S	9000
10377-51-2	Lithium iodide	ILi	14600
10377-58-9	Magnesium iodide	I2Mg	26000
104-51-8	Butylbenzene	C10H14	11220
10476-81-0	Strontium bromide	Br2Sr	10500
10476-85-4	Strontium chloride	Cl2Sr	16220
10476-86-5	Strontium iodide	I2Sr	19700
10544-72-6	Nitrogen tetroxide	N2O4	14650
10553-31-8	Barium bromide	BaBr2	32200
10580-52-6	Vanadium(II) chloride	Cl2V	35000
106-42-3	p-Xylene	C8H10	17120
106-44-5	p-Cresol	C7H8O	12710
106-46-7	p-Dichlorobenzene	C6H4Cl2	18190
106-47-8	4-Chloroaniline	C6H6ClN	20000
106-48-9	4-Chlorophenol	C6H5ClO	14100
106-49-0	4-Methylaniline	C7H9N	18900
106-50-3	1,4-Benzenediamine	C6H8N2	23800
106-51-4	p-Benzoquinone	C6H4O2	18500
106-93-4	1,2-Dibromoethane	C2H4Br2	10890
106-94-5	1-Bromopropane	C3H7Br	6440
106-97-8	Butane	C4H10	4660
106-98-9	1-Butene	C4H8	3960
106-99-0	1,3-Butadiene	C4H6	7980
1067-20-5	3,3-Diethylpentane	C9H20	10090
107-00-6	1-Butyne	C4H6	6030
107-03-9	1-Propanethiol	C3H8S	5480
107-06-2	1,2-Dichloroethane	C2H4Cl2	8840
107-10-8	Propylamine	C3H9N	10970
107-12-0	Propanenitrile	C3H5N	5030
107-13-1	Acrylonitrile	C3H3N	6230
107-15-3	1,2-Ethanediamine	C2H8N2	22580
107-21-1	1,2-Ethanediol	C2H6O2	9960
107-83-5	2-Methylpentane	C6H14	6270
107-87-9	2-Pentanone	C5H10O	10630
107-92-6	Butanoic acid	C4H8O2	11590
107-93-7	trans-2-Butenoic acid	C4H6O2	13000
1070-87-7	2,2,4,4-Tetramethylpentane	C9H20	9740
108-08-7	2,4-Dimethylpentane	C7H16	6850
108-20-3	Diisopropyl ether	C6H14O	12040
108-24-7	Acetic anhydride	C4H6O3	10500
108-30-5	Succinic anhydride	C4H4O3	20400
108-31-6	Maleic anhydride	C4H2O3	13600
108-38-3	m-Xylene	C8H10	11600
108-39-4	m-Cresol	C7H8O	10710
108-42-9	3-Chloroaniline	C6H6ClN	10150
108-43-0	3-Chlorophenol	C6H5ClO	14900
108-44-1	3-Methylaniline	C7H9N	7900
108-45-2	1,3-Benzenediamine	C6H8N2	15570
108-46-3	Resorcinol	C6H6O2	20400
108-67-8	1,3,5-Trimethylbenzene	C9H12	9510
108-68-9	3,5-Xylenol	C8H10O	17400
108-70-3	1,3,5-Trichlorobenzene	C6H3Cl3	18100
108-86-1	Bromobenzene	C6H5Br	10700
108-87-2	Methylcyclohexane	C7H14	6750
108-88-3	Toluene	C7H8	6640
108-89-4	4-Methylpyridine	C6H7N	12580
108-90-7	Chlorobenzene	C6H5Cl	9600
108-91-8	Cyclohexylamine	C6H13N	17500
108-93-0	Cyclohexanol	C6H12O	1780
108-94-1	Cyclohexanone	C6H10O	1328
108-95-2	Phenol	C6H6O	11510
108-98-5	Benzenethiol	C6H6S	11480
108-99-6	3-Methylpyridine	C6H7N	14180
109-06-8	2-Methylpyridine	C6H7N	9720
109-52-4	Pentanoic acid	C5H10O2	14160
109-64-8	1,3-Dibromopropane	C3H6Br2	14600
109-65-9	1-Bromobutane	C4H9Br	9230
109-66-0	Pentane	C5H12	8400
109-67-1	1-Pentene	C5H10	5940
109-79-5	1-Butanethiol	C4H10S	10460
109-87-5	Dimethoxymethane	C3H8O2	8330
109-93-3	Divinyl ether	C4H6O	7900
109-97-7	Pyrrole	C4H5N	7910
109-99-9	Tetrahydrofuran	C4H8O	8540
110-00-9	Furan	C4H4O	3800
110-01-0	Tetrahydrothiophene	C4H8S	7350
110-02-1	Thiophene	C4H4S	5070
110-15-6	Succinic acid	C4H6O4	32400
110-53-2	1-Bromopentane	C5H11Br	14370
110-54-3	Hexane	C6H14	13080
110-59-8	Pentanenitrile	C5H9N	9000
110-61-2	Succinonitrile	C4H4N2	3700
110-63-4	1,4-Butanediol	C4H10O2	18700
110-66-7	1-Pentanethiol	C5H12S	17530
110-71-4	1,2-Dimethoxyethane	C4H10O2	12600
110-82-7	Cyclohexane	C6H12	2680
110-83-8	Cyclohexene	C6H10	3290
110-86-1	Pyridine	C5H5N	8280
110-88-3	1,3,5-Trioxane	C3H6O3	15110
110-89-4	Piperidine	C5H11N	14850
110-91-8	Morpholine	C4H9NO	14500
110-94-1	Pentanedioic acid	C5H8O4	20300
111-14-8	Heptanoic acid	C7H14O2	15130
111-20-6	Decanedioic acid	C10H18O4	40800
111-25-1	1-Bromohexane	C6H13Br	18100
111-27-3	1-Hexanol	C6H14O	15380
111-43-3	Dipropyl ether	C6H14O	10800
111-65-9	Octane	C8H18	20730
111-66-0	1-Octene	C8H16	15310
111-70-6	1-Heptanol	C7H16O	18170
111-71-7	Heptanal	C7H14O	23200
111-83-1	1-Bromooctane	C8H17Br	24700
111-84-2	Nonane	C9H20	15470
111-87-5	1-Octanol	C8H18O	23700
112-05-0	Nonanoic acid	C9H18O2	19820
112-30-1	1-Decanol	C10H22O	43000
112-31-2	Decanal	C10H20O	34500
112-40-3	Dodecane	C12H26	36800
112-41-4	1-Dodecene	C12H24	19900
112-53-8	1-Dodecanol	C12H26O	40200
112-70-9	1-Tridecanol	C13H28O	41400
112-72-1	1-Tetradecanol	C14H30O	25100
112-92-5	1-Octadecanol	C18H38O	45000
112-95-8	Eicosane	C20H42	69900
1120-21-4	Undecane	C11H24	22200
115-07-1	Propene	C3H6	3003
115-10-6	Dimethyl ether	C2H6O	4940
115-11-7	Isobutene	C4H8	5920
115-25-3	Perfluorocyclobutane	C4F8	2770
115-77-5	Pentaerythritol	C5H12O4	4800
116-14-3	Tetrafluoroethene	C2F4	7720
117-34-0	α-Phenylbenzeneacetic acid	C14H12O2	31300
118-74-1	Hexachlorobenzene	C6Cl6	25200
118-90-1	o-Toluic acid	C8H8O2	19500
118-91-2	2-Chlorobenzoic acid	C7H5ClO2	25600
118-92-3	Aniline-2-carboxylic acid	C7H7NO2	20500
118-96-7	2,4,6-Trinitrotoluene	C7H5N3O6	22900
119-61-9	Benzophenone	C13H10O	18190
119-65-3	Isoquinoline	C9H7N	13540
120-12-7	Anthracene	C14H10	29400
120-80-9	Pyrocatechol	C6H6O2	22800
120-82-1	1,2,4-Trichlorobenzene	C6H3Cl3	16400
12003-63-3	Potassium aluminate	AlKO2	82000
12003-67-7	Lithium aluminate	AlLiO2	87900
12006-84-7	Iron boride (FeB)	BFe	62660
12006-98-3	Molybdenum monoboride	BMo	55230
12007-01-1	Nickel boride (Ni2B)	BNi2	42150
12007-02-2	Nickel boride (Ni3B)	BNi3	72280
12007-09-9	Tungsten boride	BW	80000
12007-10-2	Tungsten boride (W2B)	BW2	117000
12007-33-9	Boron sulfide	B2S3	48120
12007-35-1	Tantalum boride [TaB2]	B2Ta	83680
12007-97-5	Molybdenum boride [Mo2B5]	B5Mo2	226000
12007-98-6	Tungsten boride [W2B5]	B5W2	240000
12018-06-3	Chromium(II) sulfide	CrS	25500
12020-60-9	Europium(II) oxide	EuO	40000
12024-21-4	Gallium(III) oxide	Ga2O3	100000
12025-32-0	Germanium(II) sulfide	GeS	21300
12025-34-2	Germanium(IV) sulfide	GeS2	16300
12025-39-7	Germanium(II) telluride	GeTe	47300
12027-06-4	Ammonium iodide	H4IN	21000
12030-14-7	Indium(II) sulfide	InS	36000
12030-88-5	Potassium superoxide	KO2	20600
12032-20-1	Lutetium oxide	Lu2O3	133000
12032-36-9	Magnesium sulfide	MgS	63000
12033-33-9	Molybdenum(III) sulfide	Mo2S3	130
12033-62-4	Tantalum nitride	NTa	6700
12033-63-5	Tantalum nitride (Ta2N)	NTa2	92000
12034-57-0	Niobium(II) oxide	NbO	85400
12034-59-2	Niobium(IV) oxide	NbO2	92000
12035-51-7	Nickel disulfide	NiS2	65700
12035-72-2	Nickel subsulfide	Ni3S2	19700
12035-98-2	Vanadium(II) oxide	OV	50000
12036-21-4	Vanadium(IV) oxide	O2V	56000
12036-34-9	Plutonium(III) oxide	O3Pu2	113000
12037-79-5	Zinc phosphide [ZnP2]	P2Zn	92900
12037-82-0	Phosphorus heptasulfide	P4S7	36600
12039-07-5	Titanium(II) sulfide	STi	32000
12039-15-5	Zirconium(IV) sulfide	S2Zr	45000
12040-02-7	Tin(II) telluride	SnTe	45200
12044-54-1	Arsenic(III) telluride	As2Te3	46000
12045-63-5	Titanium boride	B2Ti	100400
12045-64-6	Zirconium boride	B2Zr	104600
12053-70-2	Cesium peroxide	Cs2O2	22000
12055-23-1	Hafnium(IV) oxide	HfO2	96000
12055-62-8	Holmium oxide	Ho2O3	130000
12059-95-9	Plutonium(IV) oxide	O2Pu	67000
12060-08-1	Scandium oxide	O3Sc2	127000
12060-58-1	Samarium(III) oxide	O3Sm2	119000
12061-16-4	Erbium oxide	Er2O3	130000
12062-85-0	Iron sodium oxide	FeNaO2	49400
12064-03-8	Gallium antimonide	GaSb	25100
12064-62-9	Gadolinium(III) oxide	Gd2O3	60000
12065-10-0	Germanium(II) selenide	GeSe	24700
121-73-3	1-Chloro-3-nitrobenzene	C6H4ClNO2	19400
12125-01-8	Ammonium fluoride	FH4N	12600
12125-02-9	Ammonium chloride	ClH4N	10600
12136-45-7	Potassium oxide	K2O	27000
12137-25-6	Rubidium superoxide	O2Rb	21000
122-39-4	Diphenylamine	C12H11N	18500
12279-90-2	Arsenic sulfide	As4S4	25400
123-31-9	p-Hydroquinone	C6H6O2	26800
123-63-7	Paraldehyde	C6H12O3	13500
123-72-8	Butanal	C4H8O	10770
123-75-1	Pyrrolidine	C4H9N	8580
123-76-2	4-Oxopentanoic acid	C5H8O3	9220
123-91-1	1,4-Dioxane	C4H8O2	12840
124-04-9	1,6-Hexanedioic acid	C6H10O4	36300
124-07-2	Octanoic acid	C8H16O2	21350
124-18-5	Decane	C10H22	28720
124-19-6	Nonanal	C9H18O	30500
124-38-9	Carbon dioxide	CO2	9020
124-40-3	Dimethylamine	C2H7N	5940
124-73-2	1,2-Dibromotetrafluoroethane	C2Br2F4	7040
12504-41-5	Silicon monosulfide	SSi	31000
127-08-2	Potassium acetate	C2H3KO2	7650
127-09-3	Sodium acetate	C2H3NaO2	17900
127-18-4	Tetrachloroethene	C2Cl4	10880
127-69-5	Sulfisoxazole	C11H13N3O3S	30200
127-79-7	Sulfamerazine	C11H12N4O2S	38700
129-00-0	Pyrene	C16H10	17360
1302-81-4	Aluminum sulfide	Al2S3	66000
1303-00-0	Gallium arsenide	AsGa	87640
1303-11-3	Indium arsenide	AsIn	77000
1303-28-2	Arsenic(V) oxide	As2O5	60000
1303-33-9	Arsenic(III) sulfide	As2S3	28700
1303-36-2	Arsenic(III) selenide	As2Se3	40800
1303-86-2	Boron oxide	B2O3	24560
1304-28-5	Barium oxide	BaO	46000
1304-54-7	Beryllium nitride	Be3N2	111000
1304-56-9	Beryllium oxide	BeO	86000
1304-76-3	Bismuth oxide	Bi2O3	14700
1305-78-8	Calcium oxide	CaO	80000
1306-38-3	Cerium(IV) oxide	CeO2	80000
1308-38-9	Chromium(III) oxide	Cr2O3	125000
1308-87-8	Dysprosium(III) oxide	Dy2O3	120000
1308-96-9	Europium(III) oxide	Eu2O3	117000
1309-37-1	Iron(III) oxide	Fe2O3	87000
1309-48-4	Magnesium oxide	MgO	77000
1309-64-4	Antimony(III) oxide (valentinite)	O3Sb2	54000
1310-53-8	Germanium(IV) oxide	GeO2	12600
1310-58-3	Potassium hydroxide	HKO	7900
1310-65-2	Lithium hydroxide	HLiO	20900
1310-73-2	Sodium hydroxide	HNaO	6600
1310-82-3	Rubidium hydroxide	HORb	8000
1312-41-0	Indium antimonide	InSb	47700
1312-43-2	Indium(III) oxide	In2O3	105000
1312-73-8	Potassium sulfide	K2S	16150
13126-12-0	Rubidium nitrate	NO3Rb	4600
1313-27-5	Molybdenum(VI) oxide	MoO3	48700
1313-59-3	Sodium oxide	Na2O	47700
1313-60-6	Sodium peroxide	Na2O2	24500
1313-82-2	Sodium sulfide	Na2S	19000
1313-96-8	Niobium(V) oxide	Nb2O5	104300
1313-99-1	Nickel(II) oxide	NiO	50700
1314-11-0	Strontium oxide	OSr	81000
1314-12-1	Thallium(I) oxide	OTl2	30300
1314-13-2	Zinc oxide	OZn	70000
1314-20-1	Thorium(IV) oxide	O2Th	90000
1314-23-4	Zirconium(IV) oxide	O2Zr	90000
1314-32-5	Thallium(III) oxide	O3Tl2	53000
1314-34-7	Vanadium(III) oxide	O3V2	140000
1314-35-8	Tungsten(VI) oxide	O3W	73000
1314-36-9	Yttrium oxide	O3Y2	81000
1314-56-3	Phosphorus(V) oxide	O5P2	27200
1314-61-0	Tantalum(V) oxide	O5Ta2	120000
1314-62-1	Vanadium(V) oxide	O5V2	64000
1314-68-7	Rhenium(VII) oxide	O7Re2	65700
1314-85-8	Phosphorus sesquisulfide	P4S3	20100
1314-87-0	Lead(II) sulfide	PbS	49400
1314-95-0	Tin(II) sulfide	SSn	31600
1314-96-1	Strontium sulfide	SSr	63000
1314-97-2	Thallium(I) sulfide	STl2	23000
1314-98-3	Zinc sulfide (wurtzite)	SZn	30000
1315-11-3	Zinc telluride	TeZn	63000
1317-36-8	Lead(II) oxide (massicot)	OPb	25600
1317-37-9	Iron(II) sulfide	FeS	31500
1317-38-0	Copper(II) oxide	CuO	49000
1317-39-1	Copper(I) oxide	Cu2O	65600
1317-42-6	Cobalt(II) sulfide	CoS	30000
1317-61-9	Iron(II,III) oxide	Fe3O4	138000
1317-80-2	Titanium(IV) oxide (rutile)	O2Ti	68000
1327-53-3	Arsenic(III) oxide (claudetite)	As2O3	18000
13283-01-7	Tungsten(VI) chloride	Cl6W	6690
13320-71-3	Molybdenum(IV) chloride	Cl4Mo	16700
1333-74-0	Hydrogen	H2	120
1333-82-0	Chromium(VI) oxide	CrO3	14200
134-81-6	Benzil	C14H10O2	23500
13400-13-0	Cesium fluoride	CsF	21700
1344-28-1	Aluminum oxide (α)	Al2O3	111100
1344-43-0	Manganese(II) oxide	MnO	43900
1344-48-5	Mercury(II) sulfide (black)	HgS	40000
1344-54-3	Titanium(III) oxide	O3Ti2	104600
1344-57-6	Uranium(IV) oxide	O2U	74200
13446-03-2	Manganese(II) bromide	Br2Mn	33500
13446-74-7	Rubidium fluoride	FRb	25800
13446-75-8	Rubidium hydride	HRb	22000
1345-04-6	Antimony(III) sulfide	S3Sb2	47900
1345-07-9	Bismuth sulfide	Bi2S3	78200
1345-13-7	Cerium(III) oxide	Ce2O3	120000
1345-25-1	Iron(II) oxide	FeO	24100
13450-88-9	Gallium(III) bromide	Br3Ga	11700
13450-90-3	Gallium(III) chloride	Cl3Ga	11510
13450-91-4	Gallium(III) iodide	GaI3	12900
13450-92-5	Germanium(IV) bromide	Br4Ge	12000
13450-95-8	Germanium(IV) iodide	GeI4	19100
13451-11-1	Tantalum(V) bromide	Br5Ta	37700
13453-49-1	Thorium(IV) bromide	Br4Th	54400
13454-78-9	Cesium chromate	CrCs2O4	35300
13454-83-6	Cesium nitrite	CsNO2	10900
13460-50-9	Metaboric acid (γ form)	BHO2	14300
13462-88-9	Nickel(II) bromide	Br2Ni	56000
13462-90-3	Nickel(II) iodide	I2Ni	48000
13465-09-3	Indium(III) bromide	Br3In	26000
13465-10-6	Indium(I) chloride	ClIn	9200
13465-84-4	Tetraiodosilane	I4Si	19700
13470-11-6	Tungsten(V) bromide	Br5W	17200
13470-14-9	Tungsten(V) chloride	Cl5W	20600
13470-19-4	Uranium(III) bromide	Br3U	43900
13470-20-7	Uranium(IV) bromide	Br4U	55200
13470-22-9	Uranium(IV) iodide	I4U	42100
13477-09-3	Barium hydride	BaH2	25000
13478-28-9	Chromium(II) iodide	CrI2	46000
13478-45-0	Niobium(V) bromide	Br5Nb	24000
13494-80-9	Tellurium	Te	17380
135-19-3	2-Naphthol	C10H8O	18100
13510-35-5	Indium(III) iodide	I3In	18480
13510-49-1	Beryllium sulfate	BeO4S	6000
13520-78-0	Tungsten(VI) oxytetrachloride	Cl4OW	18800
13520-79-1	Tungsten(VI) oxytetrafluoride	F4OW	6000
13536-53-3	Praseodymium(III) bromide	Br3Pr	47300
13536-79-3	Lanthanum bromide	Br3La	54000
13536-80-6	Neodymium(III) bromide	Br3Nd	45300
13537-18-3	Thulium(III) chloride	Cl3Tm	34900
13568-33-7	Lithium nitrite	LiNO2	9200
13569-62-5	Plutonium(III) chloride	Cl3Pu	63600
13569-75-0	Chromium(III) iodide	CrI3	61000
13569-80-7	Dysprosium(III) fluoride	DyF3	58600
13572-98-0	Gadolinium(III) iodide	GdI3	54000
13573-08-5	Germanium(II) iodide	GeI2	33300
13587-16-1	Lithium hydride-d	DLi	22000
13597-46-1	Zinc selenite	O3SeZn	46400
13597-64-3	Cesium molybdate	Cs2MoO4	31800
13598-33-9	Strontium hydride	H2Sr	23000
13598-36-2	Phosphonic acid	H3O3P	12800
13637-68-8	Molybdenum(VI) dioxydichloride	Cl2MoO2	17000
13693-06-6	Plutonium(VI) fluoride	F6Pu	18600
13693-09-9	Xenon hexafluoride	F6Xe	5740
13709-36-9	Xenon difluoride	F2Xe	16800
13709-38-1	Lanthanum fluoride	F3La	50200
13709-42-7	Neodymium(III) fluoride	F3Nd	54800
13709-46-1	Praseodymium(III) fluoride	F3Pr	57300
13709-47-2	Scandium fluoride	F3Sc	62600
13709-49-4	Yttrium fluoride	F3Y	27900
13709-56-3	Plutonium(IV) fluoride	F4Pu	42700
13709-59-6	Thorium(IV) fluoride	F4Th	41800
13709-61-0	Xenon tetrafluoride	F4Xe	16300
13709-66-5	Rubidium metaborate	BO2Rb	31000
13709-94-9	Potassium metaborate	BKO2	31380
13718-50-8	Barium iodide	BaI2	26500
13760-78-6	Holmium fluoride	F3Ho	56300
13760-79-7	Thulium(III) fluoride	F3Tm	28900
13760-83-3	Erbium fluoride	ErF3	28200
13762-26-0	Zirconium(II) chloride	Cl2Zr	27000
13765-25-8	Europium(III) fluoride	EuF3	6400
13765-26-9	Gadolinium(III) fluoride	F3Gd	52400
13775-06-9	Uranium(III) fluoride	F3U	36800
13775-07-0	Uranium(V) fluoride	F5U	35000
13775-53-6	Sodium hexafluoroaluminate	AlF6Na3	114400
13777-25-8	Zirconium(IV) bromide	Br4Zr	
13779-87-8	Zirconium(III) iodide	I3Zr	33000
13779-92-5	Niobium(V) iodide	I5Nb	37700
13780-48-8	Europium(II) bromide	Br2Eu	25100
13813-22-4	Lanthanum iodide	I3La	56100
13813-23-5	Praseodymium(III) iodide	I3Pr	53100
13813-24-6	Neodymium(III) iodide	I3Nd	41500
13813-46-2	Plutonium(III) iodide	I3Pu	50200
13814-22-7	Zirconium(III) fluoride	F3Zr	50000
13814-74-9	Molybdenum(V) oxytrichloride	Cl3MoO	22000
13814-75-0	Molybdenum(VI) oxytetrachloride	Cl4MoO	14300
13818-75-2	Gadolinium(III) bromide	Br3Gd	38100
13819-84-6	Molybdenum(V) fluoride	F5Mo	6100
13821-20-0	Lithium hexafluoroaluminate	AlF6Li3	86190
13825-25-7	Rubidium nitrite	NO2Rb	12100
13825-76-8	Holmium bromide	Br3Ho	50100
13842-80-3	Vanadium(II) fluoride	F2V	44000
13842-83-6	Plutonium(III) fluoride	F3Pu	59800
13842-94-9	Zirconium(II) fluoride	F2Zr	37700
13966-94-4	Indium(I) iodide	IIn	17260
13986-26-0	Zirconium(IV) iodide	I4Zr	32000
14075-53-7	Potassium fluoroborate	BF4K	17660
141-53-7	Sodium formate	CHNaO2	17700
141-78-6	Ethyl acetate	C4H8O2	10480
14167-59-0	Tetratriacontane	C34H70	79400
142-29-0	Cyclopentene	C5H8	3360
142-68-7	Tetrahydropyran	C5H10O	1800
142-82-5	Heptane	C7H16	14030
14280-53-6	Indium(I) bromide	BrIn	24300
143-07-7	Dodecanoic acid	C12H24O2	36300
143-33-9	Sodium cyanide	CNNa	8790
14307-35-8	Lithium chromate	CrLi2O4	30500
144-55-8	Sodium hydrogen carbonate	CHNaO3	25000
144-80-9	N-[(4-Aminophenyl)sulfonyl]acetamide	C8H10N2O3S	22400
144-83-2	4-Amino-N-2-pyridinylbenzenesulfonamide	C11H11N3O2S	34400
14456-47-4	Terbium(III) bromide	Br3Tb	31500
14457-87-5	Cerium(III) bromide	Br3Ce	51900
14459-59-7	Molybdenum(VI) oxytetrafluoride	F4MoO	4000
14464-46-1	Silicon dioxide (cristobalite)	O2Si	9600
14521-18-7	Ruthenium(V) fluoride	F5Ru	74500
14693-81-3	Tantalum(V) iodide	I5Ta	7740
150-13-0	Aniline-4-carboxylic acid	C7H7NO2	22500
151-50-8	Potassium cyanide	CKN	14600
15238-00-3	Cobalt(II) iodide	CoI2	35000
15385-57-6	Mercury(I) iodide	Hg2I2	31400
15513-85-6	Zirconium(II) iodide	I2Zr	28000
156-59-2	cis-1,2-Dichloroethene	C2H2Cl2	7200
156-87-6	3-Amino-1-propanol	C3H9NO	19700
157-40-4	Spiro[2.2]pentane	C5H8	6430
1574-41-0	cis-1,3-Pentadiene	C5H8	5640
15752-46-2	Plutonium(III) bromide	Br3Pu	58600
16033-71-9	Methyloxirane	C3H6O	6530
1633-05-2	Strontium carbonate	CO3Sr	40000
1634-04-4	Methyl tert-butyl ether	C5H12O	7600
1678-91-7	Ethylcyclohexane	C8H16	8330
1678-92-8	Propylcyclohexane	C9H18	10370
1678-93-9	Butylcyclohexane	C10H20	14160
16812-54-7	Nickel(II) sulfide	NiS	30100
16893-85-9	Sodium hexafluorosilicate	F6Na2Si	99600
17014-71-0	Potassium peroxide	K2O2	20500
17082-12-1	trans-Azobenzene	C12H10N2	22520
17194-00-2	Barium hydroxide	BaH2O2	16000
17702-41-9	Decaborane(14)	B10H14	21970
18088-11-4	Rubidium oxide	ORb2	20000
18282-10-5	Tin(IV) oxide	O2Sn	23400
18480-07-4	Strontium hydroxide	H2O2Sr	23000
18820-29-6	Manganese(II) sulfide (α form)	MnS	26100
191-07-1	Coronene	C24H12	19200
192-97-2	Benzo[e]pyrene	C20H12	16600
195-19-7	Benzo[c]phenanthrene	C18H12	16300
198-55-0	Perylene	C20H12	31900
2004-70-8	trans-1,3-Pentadiene	C5H8	7140
20281-00-9	Cesium oxide	Cs2O	20000
20548-54-3	Calcium sulfide	CaS	70000
206-44-0	Fluoranthene	C16H10	18690
20667-12-3	Silver(I) oxide	Ag2O	15000
208-96-8	Acenaphthylene	C12H8	6900
20816-12-0	Osmium(VIII) oxide	O4Os	14300
20972-43-4	trans-Azoxybenzene	C12H10N2O	17900
21109-95-5	Barium sulfide	BaS	63000
21351-79-1	Cesium hydroxide	CsHO	7780
21548-73-2	Silver(I) sulfide	Ag2S	7900
21651-19-4	Tin(II) oxide	OSn	27700
217-59-4	Triphenylene	C18H12	24740
218-01-9	Chrysene	C18H12	26200
2207-01-4	cis-1,2-Dimethylcyclohexane	C8H16	1640
2207-03-6	trans-1,3-Dimethylcyclohexane	C8H16	9870
2207-04-7	trans-1,4-Dimethylcyclohexane	C8H16	12330
22205-45-4	Copper(I) sulfide	Cu2S	9620
23611-30-5	Rubidium peroxide	O2Rb2	21000
2367-82-0	1,2,3,5-Tetrafluorobenzene	C6H2F4	6360
24621-17-8	Zirconium(II) bromide	Br2Zr	28000
24621-18-9	Zirconium(III) bromide	Br3Zr	33000
24621-21-4	Niobium nitride	NNb	46000
2551-62-4	Sulfur hexafluoride	F6S	5020
25583-20-4	Titanium nitride	NTi	66900
25658-42-8	Zirconium nitride	NZr	67400
25817-87-2	Hafnium nitride	HfN	62800
26198-63-0	1,2-Dichloropropane, (±)-	C3H6Cl2	6400
26686-77-1	Magnesium orthosilicate	Mg2O4Si	71000
287-23-0	Cyclobutane	C4H8	1090
287-27-4	Thietane	C3H6S	8250
287-92-3	Cyclopentane	C5H10	610
288-13-1	1H-Pyrazole	C3H4N2	14000
288-32-4	Imidazole	C3H4N2	12820
288-47-1	Thiazole	C3H3NS	9570
288-94-8	1H-Tetrazole	CH2N4	18200
290-37-9	Pyrazine	C4H4N2	12900
290-87-9	1,3,5-Triazine	C3H3N3	14560
291-64-5	Cycloheptane	C7H14	1880
292-64-8	Cyclooctane	C8H16	2410
302-01-2	Hydrazine	H4N2	12660
327-54-8	1,2,4,5-Tetrafluorobenzene	C6H2F4	15050
334-48-5	Decanoic acid	C10H20O2	27800
335-57-9	Perfluoroheptane	C7F16	6950
352-93-2	Diethyl sulfide	C4H10S	10900
355-25-9	Perfluorobutane	C4F10	7660
355-42-0	Perfluorohexane	C6F14	6840
363-72-4	Pentafluorobenzene	C6HF5	10870
36653-82-4	1-Hexadecanol	C16H34O	33600
367-11-3	o-Difluorobenzene	C6H4F2	11050
372-18-9	m-Difluorobenzene	C6H4F2	8580
392-56-3	Hexafluorobenzene	C6F6	11590
4181-95-7	Tetracontane	C40H82	135500
420-04-2	Cyanamide	CH2N2	7270
420-46-2	1,1,1-Trifluoroethane	C2H3F3	6190
434-64-0	Perfluorotoluene	C7F8	11540
460-19-5	Cyanogen	C2N2	8110
462-06-6	Fluorobenzene	C6H5F	11310
463-49-0	Allene	C3H4	4400
463-58-1	Carbon oxysulfide	COS	4730
463-82-1	Neopentane	C5H12	3100
464-06-2	2,2,3-Trimethylbutane	C7H16	2260
471-34-1	Calcium carbonate (calcite)	CCaO3	36000
493-01-6	cis-Decahydronaphthalene	C10H18	9490
493-02-7	trans-Decahydronaphthalene	C10H18	14410
496-11-7	Indan	C9H10	8600
497-19-8	Sodium carbonate	CNa2O3	29700
50-06-6	Phenobarbital	C12H12N2O3	27800
50-32-8	Benzo[a]pyrene	C20H12	17300
50-33-9	Phenylbutazone	C19H20N2O2	27700
50-50-0	Estra-1,3,5(10)-triene-3,17-diol 3-benzoate, (17β)	C25H28O3	41800
502-41-0	Cycloheptanol	C7H14O	1600
502-44-3	2-Oxepanone	C6H10O2	13830
502-56-7	5-Nonanone	C9H18O	24930
503-17-3	2-Butyne	C4H6	9230
503-30-0	Oxetane	C3H6O	6500
503-64-0	cis-2-Butenoic acid	C4H6O2	12600
504-63-2	1,3-Propanediol	C3H8O2	7100
506-66-1	Beryllium carbide	CBe2	75300
506-80-9	Carbon diselenide	CSe2	6360
507-20-0	2-Chloro-2-methylpropane	C4H9Cl	2070
513-35-9	2-Methyl-2-butene	C5H10	7600
513-77-9	Barium carbonate	CBaO3	40000
52-43-7	5,5-Diallyl-2,4,6(1H,3H,5H)-pyrimidinetrione	C10H12N2O3	32300
526-73-8	1,2,3-Trimethylbenzene	C9H12	8180
526-75-0	2,3-Xylenol	C8H10O	21000
53-86-1	Indomethacin	C19H16ClNO4	36900
534-17-8	Cesium carbonate	CCs2O3	31000
534-22-5	2-Methylfuran	C5H6O	8550
540-54-5	1-Chloropropane	C3H7Cl	5540
540-73-8	1,2-Dimethylhydrazine	C2H8N2	13640
540-84-1	2,2,4-Trimethylpentane	C8H18	9200
541-73-1	m-Dichlorobenzene	C6H4Cl2	12600
542-18-7	Chlorocyclohexane	C6H11Cl	2043
544-63-8	Tetradecanoic acid	C14H28O2	45100
544-76-3	Hexadecane	C16H34	53360
544-85-4	Dotriacontane	C32H66	75800
544-97-8	Dimethyl zinc	C2H6Zn	6830
546-93-0	Magnesium carbonate	CMgO3	59000
55-21-0	Benzamide	C7H7NO	19500
55-63-0	Trinitroglycerol	C3H5N3O9	21870
553-90-2	Dimethyl oxalate	C4H6O4	21100
554-13-2	Lithium carbonate	CLi2O3	44800
554-84-7	3-Nitrophenol	C6H5NO3	20600
558-13-4	Tetrabromomethane	CBr4	3760
56-23-5	Tetrachloromethane	CCl4	2560
56-55-3	Benz[a]anthracene	C18H12	21400
56-81-5	Glycerol	C3H8O3	18300
562-49-2	3,3-Dimethylpentane	C7H16	6850
563-45-1	3-Methyl-1-butene	C5H10	5360
563-46-2	2-Methyl-1-butene	C5H10	7910
563-79-1	2,3-Dimethyl-2-butene	C6H12	6450
563-80-4	3-Methyl-2-butanone	C5H10O	9340
57-10-3	Hexadecanoic acid	C16H32O2	53700
57-11-4	Stearic acid	C18H36O2	61200
57-13-6	Urea	CH4N2O	13900
57-14-7	1,1-Dimethylhydrazine	C2H8N2	10070
57-44-3	Barbital	C8H12N2O3	24700
57-63-6	Ethinylestradiol	C20H24O2	27900
576-26-1	2,6-Xylenol	C8H10O	18900
5787-31-5	2-Bromobutane, (±)-	C4H9Br	6890
58-08-2	Caffeine	C8H10N4O2	22000
58-15-1	Aminopyrine	C13H17N3O	27600
580-13-2	2-Bromonaphthalene	C10H7Br	14400
584-08-7	Potassium carbonate	CK2O3	27600
584-09-8	Rubidium carbonate	CO3Rb2	30000
586-96-9	Nitrosobenzene	C6H5NO	31000
58724-12-2	Cesium hydride	CsH	15000
589-38-8	3-Hexanone	C6H12O	13490
589-53-7	4-Methylheptane	C8H18	10800
589-81-1	3-Methylheptane	C8H18	11690
590-18-1	cis-2-Butene	C4H8	7310
590-19-2	1,2-Butadiene	C4H6	6960
590-35-2	2,2-Dimethylpentane	C7H16	5820
590-66-9	1,1-Dimethylcyclohexane	C8H16	2070
591-50-4	Iodobenzene	C6H5I	9750
591-76-4	2-Methylhexane	C7H16	9190
591-78-6	2-Hexanone	C6H12O	14900
591-93-5	1,4-Pentadiene	C5H8	6120
592-27-8	2-Methylheptane	C8H18	11920
592-41-6	1-Hexene	C6H12	9350
592-76-7	1-Heptene	C7H14	12410
593-45-3	Octadecane	C18H38	61700
593-49-7	Heptacosane	C27H56	61900
593-60-2	Bromoethene	C2H3Br	5120
594-11-6	Methylcyclopropane	C4H8	2800
594-20-7	2,2-Dichloropropane	C3H6Cl2	2300
594-27-4	Tetramethylstannane	C4H12Sn	9300
598-50-5	N-Methylurea	C2H6N2O	14000
598-58-3	Methyl nitrate	CH3NO3	8240
598-94-7	N,N-Dimethylurea	C3H8N2O	23000
60-29-7	Diethyl ether	C4H10O	7190
60-34-4	Methylhydrazine	CH6N2	10420
60-35-5	Acetamide	C2H5NO	15590
60-80-0	1,2-Dihydro-1,5-dimethyl-2-phenyl-3H-pyrazol-3-one	C11H12N2O	27300
603-34-9	Triphenylamine	C18H15N	24900
611-14-3	2-Ethyltoluene	C9H12	9960
612-78-2	2,2'-Binaphthalene	C20H14	38900
617-78-7	3-Ethylpentane	C7H16	9550
62-44-2	N-(4-Ethoxyphenyl)acetamide	C10H13NO2	33000
62-53-3	Aniline	C6H7N	10540
62-56-6	Thiourea	CH4N2S	14000
620-14-4	3-Ethyltoluene	C9H12	7600
622-96-8	4-Ethyltoluene	C9H12	12700
624-29-3	cis-1,4-Dimethylcyclohexane	C8H16	9310
624-64-6	trans-2-Butene	C4H8	9760
624-89-5	Ethyl methyl sulfide	C3H8S	9760
624-92-0	Dimethyl disulfide	C2H6S2	9190
627-20-3	cis-2-Pentene	C5H10	7110
628-28-4	Butyl methyl ether	C5H12O	10850
629-04-9	1-Bromoheptane	C7H15Br	21800
629-11-8	1,6-Hexanediol	C6H14O2	22200
629-50-5	Tridecane	C13H28	28500
629-59-4	Tetradecane	C14H30	45070
629-62-9	Pentadecane	C15H32	34600
629-78-7	Heptadecane	C17H36	40160
629-92-5	Nonadecane	C19H40	45800
629-94-7	Heneicosane	C21H44	45210
629-96-9	1-Eicosanol	C20H42O	42000
629-97-0	Docosane	C22H46	48800
629-99-2	Pentacosane	C25H52	56900
630-01-3	Hexacosane	C26H54	60000
630-02-4	Octacosane	C28H58	65100
630-03-5	Nonacosane	C29H60	66900
630-05-7	Tritriacontane	C33H68	79500
630-06-8	Hexatriacontane	C36H74	87700
630-07-9	Pentatriacontane	C35H72	86300
630-08-0	Carbon monoxide	CO	833
6303-21-5	Phosphinic acid	H3O2P	9700
638-04-0	cis-1,3-Dimethylcyclohexane	C8H16	10820
638-67-5	Tricosane	C23H48	50860
638-68-6	Triacontane	C30H62	68300
64-17-5	Ethanol	C2H6O	4931
64-18-6	Formic acid	CH2O2	12680
64-19-7	Acetic acid	C2H4O2	11730
646-04-8	trans-2-Pentene	C5H10	8350
646-06-0	1,3-Dioxolane	C3H6O2	6570
646-31-1	Tetracosane	C24H50	54400
6484-52-2	Ammonium nitrate	H4N2O3	5860
65-85-0	Benzoic acid	C7H6O2	18020
6533-73-9	Thallium(I) carbonate	CO3Tl2	18000
6596-40-3	Pentacontane	C50H102	162400
66-25-1	Hexanal	C6H12O	13300
67-56-1	Methanol	CH4O	3215
67-63-0	2-Propanol	C3H8O	5410
67-64-1	Acetone	C3H6O	5770
67-66-3	Trichloromethane	CHCl3	9500
67-68-5	Dimethyl sulfoxide	C2H6OS	14370
67-71-0	Dimethyl sulfone	C2H6O2S	18300
67-72-1	Hexachloroethane	C2Cl6	9750
68-12-2	N,N-Dimethylformamide	C3H7NO	7900
68-35-9	4-Amino-N-2-pyrimidinylbenzenesulfonamide	C10H10N4O2S	42600
6834-92-0	Sodium metasilicate	Na2O3Si	51800
684-16-2	Perfluoroacetone	C3F6O	8380
6876-23-9	trans-1,2-Dimethylcyclohexane	C8H16	10490
69-72-7	2-Hydroxybenzoic acid	C7H6O3	14200
7098-22-8	Tetratetracontane	C44H90	149600
7098-24-0	Hexatetracontane	C46H94	176000
71-23-8	1-Propanol	C3H8O	5370
71-36-3	1-Butanol	C4H10O	9370
71-41-0	1-Pentanol	C5H12O	10500
71-43-2	Benzene	C6H6	9870
71-55-6	1,1,1-Trichloroethane	C2H3Cl3	2350
7154-79-2	2,2,3,3-Tetramethylpentane	C9H20	2330
7194-85-6	Octatriacontane	C38H78	133200
72-14-0	Sulfathiazole	C9H9N3O2S2	26400
723-46-6	Sulfamethoxazole	C10H11N3O3S	32200
738-70-5	Trimethoprim	C14H18N4O3	49400
74-82-8	Methane	CH4	940
74-83-9	Bromomethane	CH3Br	5980
74-84-0	Ethane	C2H6	2720
74-85-1	Ethylene	C2H4	3350
74-87-3	Chloromethane	CH3Cl	6430
74-89-5	Methylamine	CH5N	6130
74-90-8	Hydrogen cyanide	CHN	8410
74-93-1	Methanethiol	CH4S	5910
74-96-4	Bromoethane	C2H5Br	7470
74-98-6	Propane	C3H8	3500
7429-90-5	Aluminum	Al	10710
7429-91-6	Dysprosium	Dy	11350
7429-92-7	Einsteinium	Es	9410
7439-88-5	Iridium	Ir	41120
7439-89-6	Iron	Fe	13810
7439-90-9	Krypton	Kr	1640
7439-91-0	Lanthanum	La	6200
7439-92-1	Lead	Pb	4774
7439-93-2	Lithium	Li	3000
7439-94-3	Lutetium	Lu	18650
7439-95-4	Magnesium	Mg	8480
7439-96-5	Manganese	Mn	12910
7439-97-6	Mercury	Hg	2295
7439-98-7	Molybdenum	Mo	37480
7439-99-8	Neptunium	Np	3200
7440-00-8	Neodymium	Nd	7140
7440-01-9	Neon	Ne	328
7440-02-0	Nickel	Ni	17480
7440-03-1	Niobium	Nb	30000
7440-04-2	Osmium	Os	57850
7440-05-3	Palladium	Pd	16740
7440-06-4	Platinum	Pt	22175
7440-07-5	Plutonium	Pu	2824
7440-08-6	Polonium	Po	10000
7440-09-7	Potassium	K	2335
7440-10-0	Praseodymium	Pr	6890
7440-13-3	Protactinium	Pa	12340
7440-14-4	Radium	Ra	7700
7440-15-5	Rhenium	Re	34080
7440-16-6	Rhodium	Rh	26590
7440-17-7	Rubidium	Rb	2190
7440-18-8	Ruthenium	Ru	38590
7440-19-9	Samarium	Sm	8620
7440-20-2	Scandium	Sc	14100
7440-21-3	Silicon	Si	50210
7440-22-4	Silver	Ag	11300
7440-23-5	Sodium	Na	2600
7440-24-6	Strontium	Sr	7430
7440-25-7	Tantalum	Ta	36570
7440-26-8	Technetium	Tc	33290
7440-27-9	Terbium	Tb	10150
7440-28-0	Thallium	Tl	4142
7440-29-1	Thorium	Th	13810
7440-30-4	Thulium	Tm	16840
7440-31-5	Tin (white)	Sn	7150
7440-32-6	Titanium	Ti	14150
7440-33-7	Tungsten	W	52310
7440-34-8	Actinium	Ac	12000
7440-35-9	Americium	Am	14390
7440-36-0	Antimony (gray)	Sb	19790
7440-37-1	Argon	Ar	1180
7440-38-2	Arsenic (gray)	As	24440
7440-39-3	Barium	Ba	7120
7440-41-7	Beryllium	Be	7895
7440-42-8	Boron	B	50200
7440-43-9	Cadmium	Cd	6210
7440-45-1	Cerium	Ce	5460
7440-46-2	Cesium	Cs	2090
7440-47-3	Chromium	Cr	21000
7440-48-4	Cobalt	Co	16200
7440-50-8	Copper	Cu	13260
7440-51-9	Curium	Cm	14640
7440-52-0	Erbium	Er	19900
7440-53-1	Europium	Eu	9210
7440-54-2	Gadolinium	Gd	9670
7440-55-3	Gallium	Ga	5585
7440-56-4	Germanium	Ge	36940
7440-57-5	Gold	Au	12550
7440-58-6	Hafnium	Hf	27200
7440-60-0	Holmium	Ho	11760
7440-61-1	Uranium	U	9140
7440-62-2	Vanadium	V	21500
7440-63-3	Xenon	Xe	2270
7440-64-4	Ytterbium	Yb	7660
7440-65-5	Yttrium	Y	11390
7440-66-6	Zinc	Zn	7068
7440-67-7	Zirconium	Zr	21000
7440-69-9	Bismuth	Bi	11106
7440-70-2	Calcium	Ca	8540
7440-74-6	Indium	In	3291
7446-07-3	Tellurium dioxide	O2Te	28900
7446-08-4	Selenium dioxide	O2Se	17600
7446-11-9	Sulfur trioxide (γ-form)	O3S	8600
7446-14-2	Lead(II) sulfate	O4PbS	40200
7446-18-6	Thallium(I) sulfate	O4STl2	23800
7446-70-0	Aluminum chloride	AlCl3	35350
7447-39-4	Copper(II) chloride	Cl2Cu	15000
7447-40-7	Potassium chloride	ClK	26280
7447-41-8	Lithium chloride	ClLi	19800
7487-88-9	Magnesium sulfate	MgO4S	14600
7487-94-7	Mercury(II) chloride	Cl2Hg	19410
7488-54-2	Rubidium sulfate	O4Rb2S	37300
75-00-3	Chloroethane	C2H5Cl	4450
75-01-4	Chloroethene	C2H3Cl	4920
75-05-8	Acetonitrile	C2H3N	8160
75-07-0	Acetaldehyde	C2H4O	2310
75-08-1	Ethanethiol	C2H6S	4980
75-09-2	Dichloromethane	CH2Cl2	4600
75-12-7	Formamide	CH3NO	8440
75-15-0	Carbon disulfide	CS2	4390
75-18-3	Dimethyl sulfide	C2H6S	7990
75-19-4	Cyclopropane	C3H6	5440
75-21-8	Oxirane	C2H4O	5170
75-25-2	Tribromomethane	CHBr3	11050
75-26-3	2-Bromopropane	C3H7Br	6530
75-28-5	Isobutane	C4H10	4540
75-29-6	2-Chloropropane	C3H7Cl	7390
75-31-0	Isopropylamine	C3H9N	7330
75-33-2	2-Propanethiol	C3H8S	5740
75-34-3	1,1-Dichloroethane	C2H4Cl2	7870
75-35-4	1,1-Dichloroethene	C2H2Cl2	6510
75-44-5	Carbonyl chloride	CCl2O	5740
75-45-6	Chlorodifluoromethane	CHClF2	4120
75-46-7	Trifluoromethane	CHF3	4060
75-47-8	Triiodomethane	CHI3	16440
75-50-3	Trimethylamine	C3H9N	7000
75-52-5	Nitromethane	CH3NO2	9700
75-62-7	Bromotrichloromethane	CBrCl3	2530
75-64-9	tert-Butylamine	C4H11N	882
75-65-0	2-Methyl-2-propanol	C4H10O	6700
75-69-4	Trichlorofluoromethane	CCl3F	6890
75-73-0	Tetrafluoromethane	CF4	704
75-74-1	Tetramethyl lead	C4H12Pb	10800
75-76-3	Tetramethylsilane	C4H12Si	6870
75-83-2	2,2-Dimethylbutane	C6H14	580
75-85-4	2-Methyl-2-butanol	C5H12O	4460
7550-35-8	Lithium bromide	BrLi	17660
7550-45-0	Titanium(IV) chloride	Cl4Ti	9970
7553-56-2	Iodine	I2	15520
7580-67-8	Lithium hydride	HLi	21800
76-01-7	Pentachloroethane	C2HCl5	11300
76-03-9	Trichloroacetic acid	C2HCl3O2	5900
76-12-0	1,1,2,2-Tetrachloro-1,2-difluoroethane	C2Cl4F2	3670
76-13-1	1,1,2-Trichloro-1,2,2-trifluoroethane	C2Cl3F3	2470
76-14-2	1,2-Dichloro-1,1,2,2-tetrafluoroethane	C2Cl2F4	1510
76-15-3	Chloropentafluoroethane	C2ClF5	1860
76-16-4	Hexafluoroethane	C2F6	2690
76-19-7	Perfluoropropane	C3F8	477
7631-99-4	Sodium nitrate	NNaO3	15500
7632-00-0	Sodium nitrite	NNaO2	14900
7632-51-1	Vanadium(IV) chloride	Cl4V	2300
7637-07-2	Boron trifluoride	BF3	4200
7646-69-7	Sodium hydride	HNa	26000
7646-78-8	Tin(IV) chloride	Cl4Sn	9200
7646-79-9	Cobalt(II) chloride	Cl2Co	46000
7646-85-7	Zinc chloride	Cl2Zn	10300
7647-01-0	Hydrogen chloride	ClH	2000
7647-10-1	Palladium(II) chloride	Cl2Pd	18410
7647-14-5	Sodium chloride	ClNa	28160
7647-15-6	Sodium bromide	BrNa	26230
7647-17-8	Cesium chloride	ClCs	20400
765-30-0	Cyclopropylamine	C3H7N	13180
7664-38-2	Phosphoric acid	H3O4P	13400
7664-39-3	Hydrogen fluoride	FH	4580
7664-41-7	Ammonia	H3N	5660
7664-93-9	Sulfuric acid	H2O4S	10710
7667-80-3	Hexacontane	C60H122	193200
7681-11-0	Potassium iodide	IK	24000
7681-49-4	Sodium fluoride	FNa	33350
7681-55-2	Sodium iodate	INaO3	35100
7681-65-4	Copper(I) iodide	CuI	7930
7681-82-5	Sodium iodide	INa	23700
7688-21-3	cis-2-Hexene	C6H12	8880
7693-26-7	Potassium hydride	HK	21000
7693-27-8	Magnesium hydride	H2Mg	14000
7697-37-2	Nitric acid	HNO3	10500
7699-45-8	Zinc bromide	Br2Zn	15700
7704-34-9	Sulfur (monoclinic)	S	1721
7705-08-0	Iron(III) chloride	Cl3Fe	40000
771-56-2	2,3,4,5,6-Pentafluorotoluene	C7H3F5	13100
771-61-9	Pentafluorophenol	C6HF5O	16410
7718-54-9	Nickel(II) chloride	Cl2Ni	77900
7719-12-2	Phosphorus(III) chloride	Cl3P	7100
7720-83-4	Titanium(IV) iodide	I4Ti	19800
7721-01-9	Tantalum(V) chloride	Cl5Ta	35100
7722-84-1	Hydrogen peroxide	H2O2	12500
7723-14-0	Phosphorus (red)	P	18540
7726-95-6	Bromine	Br2	10570
7727-15-3	Aluminum bromide	AlBr3	11250
7727-37-9	Nitrogen	N2	710
7727-43-7	Barium sulfate	BaO4S	40000
7732-18-5	Water	H2O	6010
7757-79-1	Potassium nitrate	KNO3	9600
7757-82-6	Sodium sulfate	Na2O4S	23850
7757-83-7	Sodium sulfite	Na2O3S	25900
7757-87-1	Magnesium phosphate	Mg3O8P2	121000
7758-02-3	Potassium bromide	BrK	25520
7758-09-0	Potassium nitrite	KNO2	16700
7758-88-5	Cerium(III) fluoride	CeF3	55600
7758-89-6	Copper(I) chloride	ClCu	7080
7758-94-3	Iron(II) chloride	Cl2Fe	42830
7758-95-4	Lead(II) chloride	Cl2Pb	21880
7759-02-6	Strontium sulfate	O4SSr	36000
7761-88-8	Silver(I) nitrate	AgNO3	11720
7772-99-8	Tin(II) chloride	Cl2Sn	14520
7773-01-5	Manganese(II) chloride	Cl2Mn	30700
7774-29-0	Mercury(II) iodide (yellow)	HgI2	15600
7775-09-9	Sodium chlorate	ClNaO3	22600
7775-11-3	Sodium chromate	CrNa2O4	24700
7775-19-1	Sodium metaborate	BNaO2	36200
7778-18-9	Calcium sulfate	CaO4S	28000
7778-80-5	Potassium sulfate	K2O4S	36600
7782-41-4	Fluorine	F2	510
7782-42-5	Carbon (graphite)	C	117400
7782-44-7	Oxygen	O2	440
7782-49-2	Selenium (gray)	Se	6690
7782-50-5	Chlorine	Cl2	6400
7782-64-1	Manganese(II) fluoride	F2Mn	30000
7783-06-4	Hydrogen sulfide	H2S	2380
7783-39-3	Mercury(II) fluoride	F2Hg	23000
7783-40-6	Magnesium fluoride	F2Mg	58700
7783-46-2	Lead(II) fluoride	F2Pb	14700
7783-47-3	Tin(II) fluoride	F2Sn	10500
7783-48-4	Strontium fluoride	F2Sr	29700
7783-49-5	Zinc fluoride	F2Zn	40000
7783-50-8	Iron(III) fluoride	F3Fe	580
7783-52-0	Indium(III) fluoride	F3In	64000
7783-56-4	Antimony(III) fluoride	F3Sb	22800
7783-62-2	Tin(IV) fluoride	F4Sn	27600
7783-63-3	Titanium(IV) fluoride	F4Ti	41000
7783-64-4	Zirconium(IV) fluoride	F4Zr	61000
7783-68-8	Niobium(V) fluoride	F5Nb	12200
7783-71-3	Tantalum(V) fluoride	F5Ta	12000
7783-72-4	Vanadium(V) fluoride	F5V	49960
7783-75-7	Iridium(VI) fluoride	F6Ir	8400
7783-77-9	Molybdenum(VI) fluoride	F6Mo	4330
7783-81-5	Uranium(VI) fluoride	F6U	19200
7783-82-6	Tungsten(VI) fluoride	F6W	4100
7783-86-0	Iron(II) iodide	FeI2	39000
7783-90-6	Silver(I) chloride	AgCl	13054
7783-96-2	Silver(I) iodide	AgI	9414
7784-18-1	Aluminum fluoride	AlF3	98000
7784-23-8	Aluminum iodide	AlI3	15900
7784-33-0	Arsenic(III) bromide	AsBr3	11700
7784-34-1	Arsenic(III) chloride	AsCl3	10100
7784-35-2	Arsenic(III) fluoride	AsF3	10400
7784-45-4	Arsenic(III) iodide	AsI3	21800
7785-23-1	Silver(I) bromide	AgBr	9163
7786-30-3	Magnesium chloride	Cl2Mg	43100
7787-32-8	Barium fluoride	BaF2	23360
7787-46-4	Beryllium bromide	BeBr2	18000
7787-47-5	Beryllium chloride	BeCl2	8660
7787-49-7	Beryllium fluoride	BeF2	4770
7787-53-3	Beryllium iodide	BeI2	20920
7787-58-8	Bismuth tribromide	BiBr3	21700
7787-60-2	Bismuth trichloride	BiCl3	23600
7787-61-3	Bismuth trifluoride	BiF3	21600
7787-64-6	Bismuth triiodide	BiI3	39100
7787-70-4	Copper(I) bromide	BrCu	5100
7788-97-8	Chromium(III) fluoride	CrF3	66000
7789-00-6	Potassium chromate	CrK2O4	33000
7789-17-5	Cesium iodide	CsI	25700
7789-18-6	Cesium nitrate	CsNO3	13800
7789-19-7	Copper(II) fluoride	CuF2	55000
7789-23-3	Potassium fluoride	FK	27200
7789-24-4	Lithium fluoride	FLi	27090
7789-27-7	Thallium(I) fluoride	FTl	13870
7789-28-8	Iron(II) fluoride	F2Fe	50000
7789-29-9	Potassium hydrogen fluoride	F2HK	6620
7789-30-2	Bromine pentafluoride	BrF5	5670
7789-38-0	Sodium bromate	BrNaO3	28110
7789-39-1	Rubidium bromide	BrRb	23300
7789-40-4	Thallium(I) bromide	BrTl	16400
7789-41-5	Calcium bromide	Br2Ca	29100
7789-42-6	Cadmium bromide	Br2Cd	33350
7789-43-7	Cobalt(II) bromide	Br2Co	43000
7789-46-0	Iron(II) bromide	Br2Fe	43000
7789-47-1	Mercury(II) bromide	Br2Hg	17900
7789-48-2	Magnesium bromide	Br2Mg	39300
7789-61-9	Antimony(III) bromide	Br3Sb	14600
7789-67-5	Tin(IV) bromide	Br4Sn	12200
7789-68-6	Titanium(IV) bromide	Br4Ti	12900
7789-75-5	Calcium fluoride	CaF2	30000
7789-78-8	Calcium hydride	CaH2	6700
7790-29-6	Rubidium iodide	IRb	22100
7790-30-9	Thallium(I) iodide	ITl	14700
7790-33-2	Manganese(II) iodide	I2Mn	41800
7790-44-5	Antimony(III) iodide	I3Sb	22800
7790-47-8	Tin(IV) iodide	I4Sn	160
7790-49-0	Thorium(IV) iodide	I4Th	48100
7790-69-4	Lithium nitrate	LiNO3	26700
7790-79-6	Cadmium fluoride	CdF2	22600
7790-80-9	Cadmium iodide	CdI2	15300
7790-86-5	Cerium(III) chloride	CeCl3	53100
7790-87-6	Cerium(III) iodide	CeI3	51000
7790-99-0	Iodine chloride	ClI	11600
7791-03-9	Lithium perchlorate	ClLiO4	29300
7791-11-9	Rubidium chloride	ClRb	24400
7791-12-0	Thallium(I) chloride	ClTl	15560
7791-26-6	Uranyl chloride	Cl2O2U	44060
78-75-1	1,2-Dibromopropane	C3H6Br2	8940
78-78-4	Isopentane	C5H12	5150
78-79-5	2-Methyl-1,3-butadiene	C5H8	4930
78-83-1	2-Methyl-1-propanol	C4H10O	6320
78-92-2	2-Butanol	C4H10O	5970
78-93-3	2-Butanone	C4H8O	8390
79-00-5	1,1,2-Trichloroethane	C2H3Cl3	11460
79-01-6	Trichloroethene	C2HCl3	8450
79-09-4	Propanoic acid	C3H6O2	10660
79-10-7	Acrylic acid	C3H4O2	9510
79-11-8	Chloroacetic acid	C2H3ClO2	12280
79-20-9	Methyl acetate	C3H6O2	7490
79-24-3	Nitroethane	C2H5NO2	9850
79-29-8	2,3-Dimethylbutane	C6H14	790
79-34-5	1,1,2,2-Tetrachloroethane	C2H2Cl4	9170
79-38-9	Chlorotrifluoroethene	C2ClF3	5550
80-35-3	Sulfamethoxypyridazine	C11H12N4O3S	31300
80-62-6	Methyl methacrylate	C5H8O2	14400
82-02-0	Khellin	C14H12O5	32300
827-52-1	Cyclohexylbenzene	C12H16	15600
83-07-8	Ampyrone	C11H13N3O	24900
83-32-9	Acenaphthene	C12H10	21490
84-15-1	o-Terphenyl	C18H14	17190
85-01-8	Phenanthrene	C14H10	16460
86-73-7	9H-Fluorene	C13H10	19580
86-74-8	Carbazole	C12H9N	24100
87-61-6	1,2,3-Trichlorobenzene	C6H3Cl3	17900
87-85-4	Hexamethylbenzene	C12H18	20600
872-05-9	1-Decene	C10H20	13810
88-73-3	1-Chloro-2-nitrobenzene	C6H4ClNO2	17900
88-74-4	2-Nitroaniline	C6H6N2O2	16100
88-75-5	2-Nitrophenol	C6H5NO3	17700
89-83-8	Thymol	C10H14O	21300
90-11-9	1-Bromonaphthalene	C10H7Br	15200
90-12-0	1-Methylnaphthalene	C11H10	6950
90-13-1	1-Chloronaphthalene	C10H7Cl	12900
90-15-3	1-Naphthol	C10H8O	23100
91-20-3	Naphthalene	C10H8	19010
91-22-5	Quinoline	C9H7N	10660
91-57-6	2-Methylnaphthalene	C11H10	12130
91-58-7	2-Chloronaphthalene	C10H7Cl	14000
92-52-4	Biphenyl	C12H10	18570
92-87-5	p-Benzidine	C12H12N2	19100
92-94-4	p-Terphenyl	C18H14	35300
92141-86-1	Cesium metaborate	BCsO2	27000
93-58-3	Methyl benzoate	C8H8O2	9740
94-09-7	Ethyl 4-aminobenzoate	C9H11NO2	22300
95-13-6	Indene	C9H8	10200
95-47-6	o-Xylene	C8H10	13600
95-48-7	o-Cresol	C7H8O	15820
95-49-8	2-Chlorotoluene	C7H7Cl	9600
95-50-1	o-Dichlorobenzene	C6H4Cl2	12400
95-51-2	2-Chloroaniline	C6H6ClN	11900
95-53-4	2-Methylaniline	C7H9N	11660
95-54-5	1,2-Benzenediamine	C6H8N2	23100
95-57-8	2-Chlorophenol	C6H5ClO	13000
95-63-6	1,2,4-Trimethylbenzene	C9H12	13190
95-65-8	3,4-Xylenol	C8H10O	18100
95-87-4	2,5-Xylenol	C8H10O	23400
95-93-2	1,2,4,5-Tetramethylbenzene	C10H14	21000
96-14-0	3-Methylpentane	C6H14	5300
96-22-0	3-Pentanone	C5H10O	11590
96-31-1	N,N'-Dimethylurea	C3H8N2O	13000
96-37-7	Methylcyclopentane	C6H12	6930
96-41-3	Cyclopentanol	C5H10O	1535
96-48-0	γ-Butyrolactone	C4H6O2	9570
98-00-0	Furfuryl alcohol	C5H6O2	13130
98-01-1	Furfural	C5H4O2	14370
98-82-8	Isopropylbenzene	C9H12	7330
98-88-4	Benzoyl chloride	C7H5ClO	19200
98-92-0	3-Pyridinecarboxamide	C6H6N2O	23200
98-95-3	Nitrobenzene	C6H5NO2	12120
99-04-7	m-Toluic acid	C8H8O2	15700
99-09-2	3-Nitroaniline	C6H6N2O2	23600
99-35-4	1,3,5-Trinitrobenzene	C6H3N3O6	15400
99-87-6	1-Isopropyl-4-methylbenzene	C10H14	9660
99-94-5	p-Toluic acid	C8H8O2	22700
99-99-0	4-Nitrotoluene	C7H7NO2	16810
992-98-3	Thallium(I) formate	CHO2Tl	10900
