CASRN	Chemical	Formula	Hf_0K	Hf_298K	uncertainty
10024-97-2	Nitrous oxide	NNO (g)	86003	82574	97
10028-15-6	Ozone	OOO (g)	144398	141749	40
10034-85-2	Hydrogen iodide	HI (g)	28645	26470	36
10035-10-6	Hydrogen bromide	HBr (g)	-28010	-35850	150
100569-88-8	o-Benzyne anion	[C6H4]- (g)	415600	407000	1500
10097-32-2	Bromine atom	Br (g)	117914	111852	56
10102-03-1	Dinitrogen pentoxide	O2NONO2 (g)	24330	14760	350
10102-43-9	Nitric oxide	NO (g)	90585	91089	64
10102-44-0	Nitrogen dioxide	ONO (g)	36824	34017	64
102508-15-6	2-Cyclopropyn-1-ylidene	C(CC) (g)	905000	911900	2000
10507-29-6	Aminomethyl	CH2NH2 (g)	159630	148740	1010
10544-72-6	Dinitrogen tetraoxide	O2NNO2 (g)	20060	10770	130
10544-73-7	Nitrogen sesquioxide	ONNO2 (g)	90650	86080	150
106-93-4	1,2-Dibromoethane	(CBrH2)2 (g)	-10800	-37600	1300
106-97-8	n-Butane	CH3(CH2)2CH3 (g)	-98540	-125850	380
106-98-9	1-Butene	CH2CHCH2CH3 (g)	20920	-30	480
107-00-6	1-Butyne	CH3CH2CCH (g)	178970	165390	850
107-06-2	1,2-Dichloroethane	(CClH2)2 (g)	-118150	-130090	590
107-07-3	2-Chloroethanol	ClCH2CH2OH (g)	-250050	-266760	610
107-21-1	Ethylene glycol	(CH2OH)2 (g)	-369790	-389420	490
107-22-2	Glyoxal	(CHO)2 (g)	-206850	-212410	590
107-31-3	Methyl formate	HC(O)OCH3 (g)	-344540	-357800	590
108-86-1	Bromobenzene	C6H5Br (g)	127000	104900	1300
108-88-3	Toluene	C6H5CH3 (g)	73690	50410	370
108-90-7	Chlorobenzene	C6H5Cl (g)	67180	52220	610
109292-47-9	1,2-Propadien-1-yl-3-ylidene anion	[CCC]- (g)	622200	629600	1700
109362-94-9	Tricarbon dioxide anion	[OCCCO]- (g)	-133100	-129400	3000
110-15-6	Succinic acid	(CH2COOH)2 (g)	-795620	-817760	610
110-54-3	n-Hexane	C6H14 (g)	-130070	-166940	480
110-82-7	Cyclohexane	C6H12 (g)	-82520	-122080	680
11062-77-4	Dioxygen anion	[O2]- (g)	-43380	-42720	180
11083-61-7	Dioxygenyl ion monohydrate	[(H2O)(O2)]+ (g)	831300	824500	3000
111-65-9	Octane	C8H18 (g)	-161390	-208220	790
11118-88-0	Cyanogen anion	[NCCN]- (g)	281400	284500	2700
112465-88-0	Methyl hydroperoxide cation	[CH3OOH]+ (g)	834700	822100	5700
114766-65-3	Isofulminic acid cation	[HCNO]+ (g)	1215400	1212700	1600
115-07-1	Propylene	CH3CHCH2 (g)	35370	20370	330
115-10-6	Dimethyl ether	CH3OCH3 (g)	-166510	-184020	440
115-11-7	Isobutene	CH2C(CH3)2 (g)	3460	-17600	530
116-14-3	Tetrafluoroethylene	C2F4 (g)	-671850	-675280	730
117768-70-4	Ethylidyne anion	[CH3C]- (g)	459100	454900	2800
118090-85-0	1,2-Propadien-1-ylium-1-yl-3-ylidene	[CCC]+ (g)	1953800	1960900	2200
12033-49-7	Nitroxyl	NO3 (g)	79350	74090	190
120595-16-6	Dioxiranyl	HC(OO) (g)	216200	212800	2100
12061-70-0	Fluoroxyl radical	FO (g)	110290	110910	150
12070-15-4	Ethynylene	C2 (g)	820310	828370	300
12071-23-7	Dicarbon monoxide	CCO (g)	374800	378900	1300
12071-24-8	COC vdW	(CO)(C) (g)	589000	597700	1800
12075-35-3	1,2-Propadiene-1,3-diylidene	CCC (g)	814700	823600	1100
121-46-0	Norbornadiene	(CHCH)CHCH2CH(CHCH) (g)	237900	212500	1200
12144-04-6	Carbon monoxide cation	[CO]+ (g)	1238305	1241585	26
12181-16-7	Deuterium hydride cation	[HD]+ (g)	1490498	1490587	0
12181-61-2	Carbon dioxide cation	[CO2]+ (g)	936102	936937	23
12184-84-8	Deuterium molecule cation	[D2]+ (g)	1492286	1492361	0
12184-85-9	Difluoride	[F2]- (g)	-292300	-291500	1600
12184-86-0	Difluorine cation	[F2]+ (g)	1514301	1514475	12
12184-88-2	Hydride	H- (g)	143264	145228	0
12184-89-3	Dihydrogen anion	[H2]- (g)	317000	317900	3100
12184-90-6	Dihydrogen cation	[H2]+ (g)	1488364	1488480	0
12185-02-3	Dinitrogen anion	[N2]- (g)	196000	196000	2200
12185-03-4	Trinitrogen cation	[N3]+ (g)	1519400	1516900	1200
12185-07-8	Dioxygen cation	[O2]+ (g)	1164585	1165221	10
12190-71-5	Diiodide	[I2]- (g)	-178130	-180720	480
12206-67-6	Fluoronium	[HFH]+ (g)	775100	772200	1200
12207-52-2	Hydroperoxo cation	[HO2]+ (g)	1110900	1107990	110
122413-35-8	Nitrosyl nitrite	ONONO (g)	91200	86600	1600
12258-64-9	Bromoniumyl	[HBr]+ (g)	1097670	1089820	150
12258-94-5	Chloroniumyl ion	[HCl]+ (g)	1137797	1137731	6
12259-29-9	Oxoniumylidene ion	[OH]+ (g)	1293201	1293231	36
12269-46-4	Nirous oxide cation	[NNO]+ (g)	1329680	1326780	120
12272-56-9	Fluorochlorate	[ClF]- (g)	-257900	-257300	3800
12274-12-3	Nirous oxide anion	[NNO]- (g)	100300	97700	2200
12287-08-0	Dicarbon monoxide cation	[CCO]+ (g)	1431500	1436600	2200
12301-79-0	Chlorosyl ion	[ClO]+ (g)	1150580	1150420	790
12325-10-9	Hydrogen peroxide cation	[H2O2]+ (g)	896750	889790	600
12334-27-9	Hydrogen cyanide anion	[HCN]- (g)	239600	240000	2700
12357-66-3	Diazenylium	[N2H]+ (g)	1042760	1039140	740
12373-35-2	Cyanomethylidyne anion	[CCN]- (g)	405600	409300	6000
12381-92-9	Fluoroniumyl ion	[HF]+ (g)	1275571	1275803	58
12385-13-6	Hydrogen atom	H (g)	216034	217998	0
124-38-9	Carbon dioxide	CO2 (g)	-393108	-393474	15
124-40-3	Dimethylamine	(CH3)2NH (g)	6020	-15890	690
124-48-1	Chlorodibromomethane	CHClBr2 (g)	15800	-3000	5500
12408-02-5	Hydrogen atom cation	H+ (g)	1528084	1530047	0
12432-44-9	Chlorine fluoride cation	[ClF]+ (g)	1165450	1165640	640
12500-78-6	Hydrogen trioxide	OO(H)O (g)	300200	294300	1400
12501-19-8	Trihydrogen dioxide anion	[HOHOH]- (g)	-487400	-494900	1200
12528-21-1	Hydrogen difluoride	FHF (g)	-203600	-203800	2500
12538-70-4	Methyl bromide cation	[CH3Br]+ (g)	996130	981210	190
12538-71-5	Methyl chloride cation	[CH3Cl]+ (g)	1013860	1006410	410
12538-72-6	Methyl iodide cation	[CH3I]+ (g)	944780	935380	180
12538-91-9	Methanol cation	[CH3OH]+ (g)	856980	846300	340
12539-57-0	Cyano cation	[CN]+ (g)	1779200	1782700	1600
12539-63-8	Carbon monoxide anion	[CO]- (g)	39100	42400	3100
12587-46-1	Helium dication	[He]+2 (g)	7622839	7622839	0
12595-70-9	Dibromide	[Br2]- (g)	-200100	-214200	2000
12595-71-0	Diatomic bromine cation	[Br2]+ (g)	1060330	1045380	230
12595-78-7	Carbide	[C2]- (g)	504900	511480	540
12595-79-8	Ethynylene cation	[C2]+ (g)	1968300	1974900	2500
12595-89-0	Dichloride	[Cl2]- (g)	-230700	-229700	1800
12595-90-3	Dichlorine cation	[Cl2]+ (g)	1107900	1107870	220
12596-60-0	Azido radical	N3 (g)	452510	449920	730
12596-63-3	Tetraazatetrahedrane	N4 (g)	763900	757400	1700
12596-80-4	Ozonide ion	[OOO]- (g)	-58500	-60850	210
12596-82-6	Ozone cation	[OOO]+ (g)	1352872	1351065	42
12601-62-6	Hydrogen cyanide cation	[HCN]+ (g)	1442540	1442070	210
126950-54-7	Hydrogen difluoride cation	[FFH]+ (g)	1175500	1172600	2000
127593-73-1	Methanimine anion	[H2CNH]- (g)	228700	221400	2500
12763-66-5	Hypofluorite	[FO]- (g)	-108950	-108780	480
12763-67-6	Fluorosyl ion	[FO]+ (g)	1342400	1342350	830
130760-10-0	Diazoethenylidene	NNCC (g)	656900	659500	3000
130760-11-1	Diazoethenylidene anion	[NNCC]- (g)	536000	538500	5800
133057-96-2	Nitrato	[NO3]+ (g)	1290510	1285800	860
1333-74-0	Hydrogen molecule	H2 (g)	0	0	0
133415-63-1	Isocyanogen cation	[CNCN]+ (g)	1652800	1654100	1700
13408-29-2	Nitroxyl	H2NO (g)	71340	64730	850
13453-52-6	Fluoromethylene	CHF (g)	148330	148610	460
13517-11-8	Hypobromous acid	HOBr (g)	-51310	-61780	550
135395-06-1	Hydroxymethylene cation	[HCOH]+ (g)	972200	968600	1600
13598-46-4	Hydrazyl	N2H3 (g)	235510	224860	930
13770-40-6	Amidogen	NH2 (g)	188940	186050	150
13774-92-0	Imidogen	NH (g)	358740	358790	170
13863-41-7	Bromine monochloride	BrCl (g)	21878	14434	59
138832-57-2	Dioxiranylidene	C(OO) (g)	189000	189800	1800
13940-32-4	Hydroxyamidogen	HNOH (g)	101540	94710	1000
139584-95-5	Dioxygenyl fluoride cation	[FOO]+ (g)	1215100	1212700	3100
13966-04-6	Dinitrogen cation	[N2]+ (g)	1503311	1503312	1
13968-08-6	Oxonium	[H3O]+ (g)	605740	598750	610
13983-20-5	Deuterium hydride	HD (g)	328	319	0
14034-79-8	Hypoflorous acid	HOF (g)	-84360	-87260	190
14067-05-1	Carbon atom cation	C+ (g)	1797841	1803439	57
14158-23-7	Nitrogen atom cation	N+ (g)	1872901	1875682	24
142-82-5	Heptane	C7H16 (g)	-145470	-187340	740
142315-39-7	Bromosyl ion	[BrO]+ (g)	1139800	1132100	1300
14234-48-1	Helium cation	He+ (g)	2372322	2372322	0
14280-30-9	Hydroxyde ion	[OH]- (g)	-139080	-139047	27
14332-21-9	Hypoiodous acid	HOI (g)	-56500	-61300	2000
14332-28-6	Nitrosyl hydride	HNO (g)	109890	106920	110
14337-00-9	Carbon atom anion	C- (g)	589612	594758	57
14337-01-0	Oxygen atom anion	O- (g)	105868	108097	2
14343-69-2	Azide ion	[N3]- (g)	194200	190600	1100
14362-44-8	Iodine atom	I (g)	107157	106757	2
14380-61-1	Hypochlorite	[ClO]- (g)	-118610	-118340	130
14380-62-2	Hypobromite	[BrO]- (g)	-96220	-103700	550
144-62-7	Oxalic acid	(COOH)2 (g)	-710800	-721400	2100
14452-69-8	Deuteride	D- (g)	146991	148904	2
14452-93-8	Nitrosyl ion	[NO]+ (g)	984453	984448	64
14464-47-2	Deuterium atom cation	D+ (g)	1532211	1534123	0
14485-07-5	Carbon dioxide anion	[CO2]- (g)	-340200	-339700	2400
14522-82-8	Nitryl ion	[ONO]+ (g)	961750	958190	200
14531-53-4	Methylcarbonium	[CH3]+ (g)	1099286	1095517	78
14581-93-2	Oxygen atom cation	O+ (g)	1560786	1562644	2
14604-48-9	Vinylium	[C2H3]+ (g)	1118860	1115840	610
14691-52-2	Peroxynitrous acid	HOONO (g)	-6130	-12760	380
14691-59-9	Peroxide ion	[HO2]- (g)	-88830	-91540	390
14696-98-1	Iodoxyl radical	IO (g)	127000	125000	1100
14699-99-1	Dihydrogen trioxide	HOOOH (g)	-82130	-90490	910
14701-13-4	Fluorine atom cation	F+ (g)	1758316	1760614	57
14762-94-8	Fluorine atom	F (g)	77268	79374	57
14782-23-1	Neon cation	Ne+ (g)	2080662	2080769	1
14791-69-6	Argon cation	Ar+ (g)	1520571	1520580	1
14797-55-8	Nitrate	[NO3]- (g)	-300110	-306580	610
14797-65-0	Nitrite	[ONO]- (g)	-182670	-185480	460
14798-03-9	Ammonium	[NH4]+ (g)	643020	631710	210
1493-02-3	Formyl fluoride	HFCO (g)	-378940	-382530	490
14936-94-8	Ethylium	[CH3CH2]+ (g)	915140	902900	390
1495-50-7	Cyanogen fluoride	FCN (g)	8130	8460	740
14967-78-3	Oxonitrate anion	[NO]- (g)	87880	87910	120
14989-30-1	Chloroxyl radical	ClO (g)	101116	101707	35
15065-65-3	Hypoiodite	[IO]- (g)	-102500	-104400	1200
15091-72-2	Methyliumyl	[CH2]+ (g)	1393090	1393620	140
1511-62-2	Bromodifluoromethane	CHF2Br (g)	-411040	-424230	560
15135-49-6	Methonium	[CH5]+ (g)	921690	911030	490
151528-67-5	Tricarbon dioxide cation	[OCCCO]+ (g)	925400	929000	1500
15194-15-7	Aminylium	[NH2]+ (g)	1266500	1263780	180
15194-58-8	Methyl carbanion	[CH3]- (g)	147500	144400	1200
153851-84-4	Trioxirane	O(OO) (g)	275100	272500	1600
154702-35-9	Propynylidyne cation	[C(CC)]+ (g)	1953800	1960900	2200
154804-02-1	Hypobromous acid cation	[HOBr]+ (g)	975230	964650	600
15499-23-7	Dioxygenyl fluoride	FOO (g)	26830	25120	260
15622-51-2	Methylamidogen	CH3NH (g)	187810	177080	890
15656-19-6	Bromoxyl radical	BrO (g)	131150	123610	300
157-18-6	Oxirene	O(CHCH) (g)	276600	275900	3100
157-26-6	Dioxirane	H2C(OO) (g)	9300	1600	1200
15762-07-9	Acetylium	[CH3CO]+ (g)	666770	659600	740
15845-29-1	Methyleneamidogen	H2CN (g)	242230	238570	950
161321-37-5	Dihydrogen trioxide cation	[HOOOH]+ (g)	928900	920200	1900
16331-64-9	Ethoxide	[CH3CH2O]- (g)	-163230	-178170	510
16456-59-0	Ethynylium	[C2H]+ (g)	1687640	1690970	180
16499-21-1	Formyloxy	HC(O)O (g)	-123600	-125060	610
16829-28-0	Trioxygen difluoride	FOOOF (g)	116800	111300	7800
16873-17-9	Deuterium atom	D (g)	219804	221717	0
16887-00-6	Chloride	Cl- (g)	-228953	-227346	3
16915-28-9	Krypton cation	Kr+ (g)	1350759	1350759	2
16984-48-8	Fluoride	F- (g)	-250897	-249112	57
16992-26-0	Isocyanogen fluoride	FNC (g)	299300	301100	2300
17000-00-9	Methylammonium	[CH3NH3]+ (g)	628800	609700	2500
17030-74-9	Oxomethylium	[HCO]+ (g)	827830	827240	110
171363-09-0	Oxywater	(H2O)O (g)	64800	58400	1500
17247-99-3	Cyanato cation	[NCO]+ (g)	1261550	1262320	590
17333-73-2	Phenylium	[C6H5]+ (g)	1148740	1136840	950
175861-93-5	Dioxofluorine	OFO (g)	522960	521220	900
17655-31-1	Amide	[NH2]- (g)	114980	112110	340
177329-59-8	Dihydrooxooxygen cation	[(H2O)O]+ (g)	994600	988000	1800
17778-80-2	Oxygen atom	O (g)	246844	249229	2
17778-87-9	Nitrogen atom anion	N- (g)	489200	491500	4200
17778-88-0	Nitrogen atom	N (g)	470573	472435	24
177788-17-9	Methyleneoxonium	CH2OH2 (g)	158000	149200	4100
18130-74-0	Bifluoride	[FHF]- (g)	-710300	-714200	2400
183051-89-0	Oxygen fluoride	OOF2 (g)	75500	71300	7800
1868-53-7	Fluorodibromomethane	CHFBr2 (g)	-160000	-179500	5500
18682-95-6	Hydroxymethylium	[CH2OH]+ (g)	718000	710060	240
18682-96-7	1-Hydroxyethylium	[CH3CHOH]+ (g)	609240	594820	400
1871-24-5	Fluoroformyl	FCO (g)	-176890	-176310	510
1871-25-6	Fluoroisoformyl cation	[COF]+ (g)	1347400	1348900	2200
18851-76-8	Trifluoromethylium	[CF3]+ (g)	408800	405730	660
189879-95-6	Cyanoamidogen anion	[NCN]- (g)	205700	205700	1800
19067-62-0	Aminyliumyl	[NH]+ (g)	1658980	1659910	250
194856-62-7	Trioxodinitrate anion	[ONNO2]- (g)	-103000	-106900	2900
19496-55-0	Aminium	[NH3]+ (g)	944272	937317	30
19528-44-0	1-Cyclopropen-1-yl	CH2(CHC) (g)	528550	523960	870
196216-36-1	Iminomethyl cation	[HCNH]+ (g)	953400	949400	1600
19710-56-6	Hydroxymethylene	HCOH (g)	111960	108200	430
2025-56-1	Ethyl	CH3CH2 (g)	131000	119930	370
203264-98-6	Hydrazoic acid anion	[HNNN]- (g)	317400	311000	2500
204253-88-3	3H-diazirin-3-ylidene-methylene	CC(NN) (g)	833600	836000	3600
20461-54-5	Iodide	I- (g)	-187995	-188396	2
2053-29-4	Methylenimine	H2CNH (g)	96610	88700	980
205498-92-6	Diazomethylene anion	[CNN]- (g)	401700	401900	3300
2074-87-5	Cyano radical	CN (g)	436680	439970	150
20741-88-2	Methane cation	[CH4]+ (g)	1150930	1143810	270
20771-51-1	Hydraziniumyl	[H2NNH2]+ (g)	887400	873700	2500
207914-86-1	Aminomethylene anion	[HCNH2]- (g)	357100	350200	2600
207914-87-2	Hydroxymethylene anion	[HCOH]- (g)	148200	145400	1800
2122-48-7	Ethynyl	C2H (g)	563790	567910	170
21255-83-4	Bromine dioxide	OBrO (g)	167800	158200	2800
21308-80-5	Dibromine monoxide	BrOBr (g)	121100	104600	1300
2143-58-0	Methylperoxy	CH3OO (g)	21810	12060	900
2143-68-2	Methoxy radical	CH3O (g)	29220	21850	360
2143-69-3	Vinylidene	CCH2 (g)	411360	412270	630
2154-50-9	Ethoxy	CH3CH2O (g)	1950	-11470	500
2154-59-8	Difluoromethylene	CF2 (g)	-193870	-193400	430
21540-27-2	2-Propynylium	[CH2CCH]+ (g)	1190950	1188050	480
2229-07-4	Methyl radical	CH3 (g)	149880	146494	81
22400-26-6	Cyanato	NCO (g)	126890	127360	390
224950-18-9	2,4,5-Trioxa-1,3-diazabicyclo[1.1.1]pentane	N(O3)N (g)	602600	593300	2000
22537-15-1	Chlorine atom	Cl (g)	119621	121302	2
22541-56-6	Bromonium	Br+ (g)	1257775	1251712	56
22541-93-1	Iodine atom cation	I+ (g)	1115549	1115149	6
2264-21-3	Trifluoromethyl	CF3 (g)	-465400	-468190	590
227934-45-4	Oxadiazirine	O(NN) (g)	352500	350600	1800
227934-46-5	NON	NON (g)	543800	540600	1800
228850-18-8	Oxazirinyl	C(NO) (g)	450600	451500	1700
2314-97-8	Iodotrifluoromethane	CF3I (g)	-584620	-590500	630
232262-10-1	Dioxirane cation	[H2C(OO)]+ (g)	1051300	1043700	2200
232262-11-2	Dioxymethyl cation	[H2COO]+ (g)	1076000	1069200	1900
2348-46-1	1-Hydroxyethyl	CH3CHOH (g)	-41860	-55290	620
23553-17-5	Dioxygenyl fluoride anion	[FOO]- (g)	-252000	-252200	3100
23841-33-0	Imidogen anion	[NH]- (g)	322620	322670	170
2396-01-2	Phenyl	C6H5 (g)	350570	337290	590
24203-25-6	Xenon cation	Xe+ (g)	1170354	1170354	6
24203-47-2	Chlorine atom cation	Cl+ (g)	1370806	1372602	2
24361-82-8	Methyliumylidene	[CH]+ (g)	1620150	1623490	280
24388-53-2	Hydrogen nitroxylate	[HONO]- (g)	-107700	-111200	2000
2465-56-7	Methylene radical	CH2 (g)	390950	391460	140
2468-81-7	Diazomethylene	CNN (g)	572800	573500	3200
24858-94-4	1-Propynylium	[CH3CC]+ (g)	1538000	1536000	16000
24959-67-9	Bromide	Br- (g)	-206623	-212685	56
25012-81-1	Vinyl anion	[C2H3]- (g)	237610	233210	860
25013-41-6	Ethanide	[CH3CH2]- (g)	156300	144600	2500
253308-70-2	3H-Diazirin-3-ylidene	C(NN) (g)	580200	580600	4400
25415-88-7	Hydrazide	[N2H3]- (g)	252900	243000	2500
25641-79-6	Acetylene cation	[HCCH]+ (g)	1328650	1327720	200
25655-83-8	Water dimer	(H2O)2 (g)	-492200	-499610	110
25730-99-8	Trifluoride ion	[F3]- (g)	-363300	-364300	3200
2597-43-5	Hydroxymethyl	CH2OH (g)	-9790	-16100	440
2597-44-6	Formyl	HCO (g)	41450	41830	110
2669-76-3	Methanetetraylbisamidogen	NCN (g)	445300	445700	1800
2669-89-8	Vinyl	C2H3 (g)	301350	297270	470
268566-70-7	1,2-Difluoroacetylene cation	[FCCF]+ (g)	1078700	1081700	2000
2696-92-6	Nitrosyl chloride	ClNO (g)	54418	52517	67
2713-09-9	Fluoroacetylene	HCCF (g)	103710	104420	950
272109-63-4	Nitric acid cation	[HNO3]+ (g)	1029300	1020240	700
27680-53-1	Methane anion	[CH4]- (g)	10400	3100	4200
27770-42-9	Methylimidogen	H3CN (g)	323800	316000	1600
2781-85-3	Cyclopropene	CH2(CHCH) (g)	292660	283930	580
27837-46-3	Formaldehyde anion	[H2CO]- (g)	-24000	-27700	2200
28132-48-1	Trihydrogen cation	[H3]+ (g)	1110304	1106696	13
28269-67-2	Fulminate	[CNO]- (g)	59400	59600	2000
28269-68-3	Oxazirinyl anion	[C(NO)]- (g)	449800	450600	2800
28604-54-8	Methylidyne anion	[CH]- (g)	474070	477410	650
28647-38-3	Isodiazene	H2NN (g)	308000	300940	810
28712-14-3	Diiodine cation	[I2]+ (g)	963523	960408	18
28892-56-0	Methyleneamidogen anion	[H2CN]- (g)	193100	189300	1200
28933-84-8	Cyclopropenyl	CH(CHCH) (g)	491420	486810	880
29075-95-4	Ethynide	[C2H]- (g)	277400	280900	410
2932-78-7	2-Propynyl	CH2CCH (g)	354070	351510	480
302-01-2	Hydrazine	H2NNH2 (g)	109660	95510	190
3031-73-0	Methyl hydroperoxide	CH3OOH (g)	-114980	-127810	910
307495-90-5	Diazomethyliumyl	[CNN]+ (g)	1636600	1638300	6100
30922-78-2	Phenide	[C6H5]- (g)	244900	231990	440
316122-03-9	Cyanoaminyliumyl	[NCN]+ (g)	1660900	1662300	6000
3170-69-2	Acetyl	CH3CO (g)	-3020	-9680	400
3170-83-0	Hydroperoxo	HO2 (g)	15190	12270	170
32038-79-2	Ethynol	HCCOH (g)	94800	92700	1400
3315-37-5	Methylidyne radical	CH (g)	592830	596170	130
3315-60-4	Methoxide	[CH3O]- (g)	-122250	-130240	370
33412-11-2	Fluoromethyliumylidene	[CF]+ (g)	1122670	1125890	560
33412-12-3	Fluoromethylidyne anion	[CF]- (g)	200600	204100	2100
3352-57-6	Hydroxyl	OH (g)	37262	37501	27
34468-25-2	Fluorobenzene cation	[C6H5F]+ (g)	788260	773560	1020
34470-02-5	Ethylene cation	[C2H4]+ (g)	1075390	1068240	150
34480-55-2	Ethyloxoniumyl	[CH3CH2OH]+ (g)	795420	778300	760
34488-65-8	Ethane cation	[C2H6]+ (g)	1043490	1029940	630
34504-50-2	Benzene cation	[C6H6]+ (g)	992580	976110	260
34516-31-9	Methylammoniumyl	[CH3NH2]+ (g)	866900	853200	2400
34524-94-2	Hypochlorous acid anion	[HOCl]- (g)	194200	193900	3000
34527-91-8	Ethylene anion	[C2H4]- (g)	236800	230300	2300
34562-85-1	Benzene anion	[C6H6]- (g)	211600	199300	3700
34749-77-4	Cyanogen bromide cation	[BrCN]+ (g)	1330300	1324000	1200
350586-31-1	Oxadiazirine anion	[O(NN)]- (g)	99700	100000	2600
353-36-6	Ethyl fluoride	CH3CH2F (g)	-257670	-272540	960
353-50-4	Difluorophosgene	COF2 (g)	-603560	-606650	540
353-54-8	Fluorotribromomethane	CBr3F (g)	-108300	-132300	1600
353-55-9	Dibromofluorochloromethane	CBr2FCl (g)	-170800	-187400	5500
353-58-2	Dichlorofluorobromomethane	CCl2FBr (g)	-230200	-240000	5500
353-59-3	Difluorochlorobromomethane	CF2ClBr (g)	-431400	-442200	5500
35337-59-8	Hydroxyimidogen	NOH (g)	217390	214510	950
35430-17-2	Aminomethylene	HCNH2 (g)	246600	238900	1700
35683-44-4	Methylperoxy anion	[CH3OO]- (g)	-90270	-100410	990
35829-99-3	Ethylidene anion	[CH3CH]- (g)	328400	320900	2100
359-11-5	Trifluoroethylene	C2HF3 (g)	-482800	-487800	8400
36147-87-2	1-Propynyl anion	[CH3CC]- (g)	261250	257780	730
36505-03-0	Acetaldehyde cation	[CH3CHO]+ (g)	832100	822120	320
36505-07-4	Hypofluorous acid anion	[HOF]- (g)	152700	152000	3800
36658-54-5	Bromonium	[HBrH]+ (g)	925200	914500	1700
36658-55-6	Chloronium	[HClH]+ (g)	881500	878400	1200
36882-13-0	Diazenyl	N2H (g)	252400	249480	560
371-62-0	2-Fluoroethanol	FCH2CH2OH (g)	-407100	-424300	1100
37249-79-9	Hydrofluorate ion	[HF]- (g)	-74400	-73900	2700
37276-90-7	Krypton hydride cation	[KrH]+ (g)	1106490	1104710	700
37276-91-8	Xenon hydride cation	[XeH]+ (g)	1038370	1036600	940
373-52-4	Fluorobromomethane	CH2FBr (g)	-198000	-212400	5500
37354-81-7	Cyanogen cation	[NCCN]+ (g)	1598260	1600490	440
37369-93-0	Hydrazinylium	[N2H3]+ (g)	969600	958400	1200
37612-72-9	Cyanogen chloride cation	[ClCN]+ (g)	1325810	1327140	970
38264-00-5	Fluorooxomethylium	[FCO]+ (g)	724200	723900	1500
38406-85-8	Iodobenzene cation	[C6H5I]+ (g)	1022900	1007400	1100
38544-48-8	Nitrogen hydride oxide	H3NO (g)	72300	61100	1700
38607-31-7	2-Hydroxyethylium	[CH2CH2OH]+ (g)	1019700	1007600	1700
3889-75-6	Fluoromethylidyne	CF (g)	243160	246760	150
39432-25-2	Oxygen difluoride cation	[FOF]+ (g)	1292200	1289680	670
4120-02-9	Cyanomethylidyne	CCN (g)	673900	678300	4400
420-05-3	Cyanic acid	HOCN (g)	-12250	-14860	1010
4218-50-2	Ethylidene	CH3CH (g)	361500	354500	1200
4222-21-3	3-Chloro-3-methyl-3H-diazirine	(NNC)ClCH3 (g)	230000	218000	40000
42851-09-2	Tetrazete	N4 (g)	769600	763600	2400
431-03-8	2,3-Butanedione	(CH3CO)2 (g)	-309970	-326540	820
439586-06-8	2,3-didehydro-1H-azirin-1-yl	N(CC) (g)	721400	725500	5100
4422-54-2	2-Hydroxyethyl	CH2CH2OH (g)	-12550	-25820	610
444010-28-0	Isocyanic acid cation	[HNCO]+ (g)	1002800	1000390	560
460-12-8	1,3-Butadiyne	HCCCCH (g)	458640	460370	870
460-19-5	Cyanogen	NCCN (g)	308160	310100	430
462-06-6	Fluorobenzene	C6H5F (g)	-99720	-115400	1020
462-80-6	o-Benzyne	C6H4 (g)	469700	460800	1400
463-49-0	Allene	CH2CCH2 (g)	197650	190160	360
463-51-4	Ketene	CH2CO (g)	-45460	-48570	150
463-57-0	Methanediol	CH2(OH)2 (g)	-379200	-392590	960
474815-26-4	Difluorophosgene anion	[COF2]- (g)	-603500	-605400	2900
479587-30-9	Fluoro(fluorooxy)methylene	FCOF (g)	-135500	-136600	2100
488821-23-4	Aminomethylium	[CH2NH2]+ (g)	764000	752100	1800
49784-84-1	Methylaminilium	[CH3NH]+ (g)	1135200	1125200	2500
50-00-0	Formaldehyde	H2CO (g)	-105330	-109160	110
503-17-3	2-Butyne	(CH3)CC(CH3) (g)	158720	145760	790
504-64-3	Tricarbon dioxide	OCCCO (g)	-97700	-95600	1400
50443-89-5	Acetylene anion	[HCCH]- (g)	359500	359300	3000
506-68-3	Cyanogen bromide	BrCN (g)	187550	180750	780
506-77-4	Cyanogen chloride	ClCN (g)	135010	135740	450
506-78-5	Cyanogen iodide	ICN (g)	222610	222100	1000
506-85-4	Fulminic acid	HONC (g)	234680	233150	1020
507-25-5	Tetraiodomethane	CI4 (g)	341200	336100	1400
50928-07-9	Methylene anion	[CH2]- (g)	328280	328720	550
51060-05-0	Isofulminic acid	HCNO (g)	170800	169300	1200
51095-15-9	Oxoethenyl	HCCO (g)	176850	177970	600
51375-41-8	Nitroxyl cation	[H2NO]+ (g)	946320	939190	840
53590-27-5	Isocyanomethylidyne	CNC (g)	670300	674700	4000
540-51-2	2-Bromoethanol	BrCH2CH2OH (g)	-196690	-220750	540
540-84-1	2,2,4-Trimethylpentane	(CH3)2CHCH2C(CH3)3 (g)	-171300	-223700	1500
54064-82-3	Ethane anion	[C2H6]- (g)	8400	-7000	3200
54128-17-5	Trifluoromethide	[CF3]- (g)	-638700	-640500	1900
542-92-7	1,3-Cyclopentadiene	C5H6 (g)	118200	101300	2500
54250-40-7	Difluoromethyliumyl	[CF2]+ (g)	908560	908990	950
54288-05-0	Formaldehyde cation	[H2CO]+ (g)	945250	941720	130
54375-27-8	Formyloxoniumylidene	[HC(O)O]+ (g)	1015200	1011700	1700
54387-07-4	Ethyloxoniumylidene	[CH3CH2O]+ (g)	989100	975400	1800
54448-39-4	Methylamidogen anion	[CH3NH]- (g)	146150	134800	790
55450-32-3	Chlorobenzene cation	[C6H5Cl]+ (g)	942520	928600	610
55450-33-4	Bromobenzene cation	[C6H5Br]+ (g)	995100	973800	1300
55468-55-8	1,3-Butadiyne cation	[HCCCCH]+ (g)	1440670	1441520	890
557-91-5	1,1-Dibromoethane	CHBr2CH3 (g)	-9300	-36300	7800
558-13-4	Tetrabromomethane	CBr4 (g)	131700	102000	1100
55830-71-2	Hydroxymethylide	[CH2OH]- (g)	9800	3200	1800
56-23-5	Tetrachloromethane	CCl4 (g)	-95420	-97590	750
56077-92-0	Dioxymethyl	H2COO (g)	113600	106600	1200
56391-79-8	Ketene anion	[CH2CO]- (g)	-14700	-17700	2400
56583-62-1	Oxoniumyl ion	[H2O]+ (g)	978484	975611	29
57-12-5	Cyanide	[CN]- (g)	63971	67257	99
57340-31-5	Formyl anion	[HCO]- (g)	11610	12040	440
58157-09-8	Methyloxoniumylidene	[CH3O]+ (g)	1062600	1054980	710
586-96-9	Nitrosobenzene	C6H5NO (g)	215600	198600	1500
58852-14-5	Hydrazoic acid cation	[HNNN]+ (g)	1333940	1328260	890
58875-09-5	Hydroxydioxonitrate	[HNO3]- (g)	-191200	-195500	2900
590-18-1	cis-2-Butene	CH3CHCHCH3 (g)	13940	-7330	530
590-26-1	(Z)-1,2-Diiodoethene	C2H2I2 (g)	215760	207480	450
590-27-2	(E)-1,2-Diiodoethene	C2H2I2 (g)	214870	207480	450
591-50-4	Iodobenzene	C6H5I (g)	177900	161900	1100
59122-96-2	Methyl fluoride cation	[CH3F]+ (g)	980710	973200	660
593-53-3	Methyl fluoride	CH3F (g)	-228550	-236580	320
593-60-2	Vinyl bromide	CH2CHBr (g)	88480	73680	620
593-61-3	Bromoacetylene	HCCBr (g)	282400	275900	2200
593-63-5	Chloroacetylene	HCCCl (g)	228100	229000	1100
593-66-8	Vinyl iodide	CH2CHI (g)	139400	130600	1200
593-70-4	Fluorochloromethane	CH2FCl (g)	-256600	-263700	1300
593-95-3	Dibromophosgene	COBr2 (g)	-97590	-113530	430
593-98-6	Fluorochlorobromomethane	CHFClBr (g)	-219300	-231800	5500
594-15-0	Chlorotribromomethane	CBr3Cl (g)	75900	53000	1600
594-18-3	Dichlorodibromomethane	CCl2Br2 (g)	19000	3400	1500
60427-04-5	Acetaldehyde anion	[CH3CHO]- (g)	-59300	-69800	2500
60488-31-5	Peroxyimidogen	NOO (g)	412200	410200	1800
60488-32-6	Peroxyimidogen cation	[NOO]+ (g)	1405500	1402700	3800
60528-75-8	Hydroxymethyliumylidene	[COH]+ (g)	986020	987660	830
62227-71-8	Formyl fluoride	[FCO]- (g)	-405400	-403900	1700
624-61-3	1,2-Dibromoacetylene	BrCCBr (g)	333000	322100	3600
624-64-6	trans-2-Butene	CH3CHCHCH3 (g)	9380	-11180	510
624-72-6	1,2-Difluoroethane	(CFH2)2 (g)	-437000	-450400	5100
624-73-7	1,2-Diiodoethane	(CIH2)2 (g)	87790	73120	900
624-76-0	2-Iodoethanol	ICH2CH2OH (g)	-132000	-150200	2500
62532-69-8	Cyanogen fluoride cation	[FCN]+ (g)	1293800	1294500	1200
62675-55-2	Hydroxylamine cation	[NH2OH]+ (g)	858000	848100	1800
630-08-0	Carbon monoxide	CO (g)	-113805	-110525	26
63099-75-2	Hydrochlorate ion	[HCl]- (g)	-25500	-24500	3000
63559-87-5	Oxoammoniumyl	[HNO]+ (g)	1092480	1089560	700
63559-88-6	Hydroxyaminiumyl	[NOH]+ (g)	1160200	1157200	1500
638-71-1	Hydroxyoxomethylium	[HOCO]+ (g)	600830	597970	490
63986-30-1	1-Hydrazinylium-1-yl	[H2NN]+ (g)	1145200	1138200	1500
64-17-5	Ethanol	CH3CH2OH (g)	-216850	-234570	220
64066-01-9	Ethynol anion	[HCCO]- (g)	-48620	-47370	870
64066-06-4	1,2-Propadienyl anion	[CH2CCH]- (g)	265400	262190	760
64710-22-1	Trifluorine cation	[F3]+ (g)	1538500	1536500	3400
64999-16-2	Ketene cation	[CH2CO]+ (g)	882110	879100	150
65130-65-6	Methanimine cation	[H2CNH]+ (g)	1055900	1048800	2200
65391-88-0	Hydrazine anion	[H2NNH2]- (g)	210900	197000	3700
65997-98-0	Isocyanogen bromide	BrNC (g)	344200	338500	3700
66057-02-1	Hydrooxonitrate	[HNO]- (g)	80000	77100	1200
66097-71-0	Hydroxyaminylium	[HNOH]+ (g)	1020200	1013000	2000
66212-40-6	Difluoromethylene anion	[CF2]- (g)	-211120	-209900	630
66252-29-7	Dioxaziridinyl	N(OO) (g)	354200	351700	1600
66252-31-1	Dioxaziridinyl anion	[N(OO)]- (g)	295100	292600	1700
66295-36-1	Vinylidene anion	[CCH2]- (g)	364330	364140	820
67-56-1	Methanol	CH3OH (g)	-189820	-200700	180
67-63-0	2-Propanol	CH3CHOHCH3 (g)	-248700	-272800	370
67-64-1	Acetone	CH3C(O)CH3 (g)	-199380	-216070	370
67-66-3	Chloroform	CCl3H (g)	-98610	-103510	660
67177-47-3	Bromodioxy	BrOO (g)	119300	110200	4000
67197-19-7	Nitrosomethyliumylidene	[CNO]+ (g)	1509500	1511700	2100
67624-57-1	Ethylidyne	CH3C (g)	512700	508600	1400
68322-97-4	Dibromine monoxide	BrBrO (g)	180700	164900	2200
68474-04-4	Methanol anion	[CH3OH]- (g)	54700	45600	3100
689-99-6	1,2-Difluoroacetylene	FCCF (g)	0	2900	1600
6914-07-4	Hydrogen isocyanide	HNC (g)	191580	191960	570
70220-84-7	o-Benzyne cation	[C6H4]+ (g)	1398900	1391400	3000
70850-26-9	Hydroperoxonium	[H2OOH]+ (g)	738700	728400	1300
71-43-2	Benzene	C6H6 (g)	100700	83180	260
71-47-6	Formate	[HC(O)O]- (g)	-462210	-465850	770
71000-82-3	Isocyanate	[NCO]- (g)	-221260	-221380	570
71004-29-0	Diazene ion	[N2H]- (g)	176500	175100	2200
71080-92-7	Isoformyl	COH (g)	217590	217980	700
71267-42-0	Fluoromethylene anion	[CHF]- (g)	95940	96470	630
71606-47-8	Hypochlorous acid cation	[HOCl]+ (g)	993800	990700	3200
73256-56-1	Difluorophosgene cation	[COF2]+ (g)	653260	650620	620
73455-86-4	Trifluorine	F3 (g)	86400	87100	3700
74-82-8	Methane	CH4 (g)	-66564	-74534	57
74-83-9	Methyl bromide	CH3Br (g)	-20980	-36380	190
74-84-0	Ethane	C2H6 (g)	-68120	-83780	170
74-85-1	Ethylene	C2H4 (g)	61070	52560	150
74-86-2	Acetylene	HCCH (g)	228880	228320	150
74-87-3	Methyl chloride	CH3Cl (g)	-74680	-82620	210
74-88-4	Methyl iodide	CH3I (g)	24490	14960	170
74-89-5	Methylamine	CH3NH2 (g)	-5830	-20910	530
74-90-8	Hydrogen cyanide	HCN (g)	129675	129291	95
74-95-3	Methylene bromide	CH2Br2 (g)	24500	3100	1200
74-96-4	Ethyl bromide	CH3CH2Br (g)	-41190	-63130	280
74-97-5	Chlorobromomethane	CH2ClBr (g)	-30700	-44700	5500
74-98-6	Propane	CH3CH2CH3 (g)	-82110	-104390	290
74-99-7	Propyne	CH3CCH (g)	192890	185830	370
74158-11-5	Hydrogen isocyanide cation	[HNC]+ (g)	1352900	1352900	1400
74215-21-7	Aminomethyl anion	[CH2NH2]- (g)	212100	201100	2800
74241-49-9	Hydrogen trioxide cation	[HOOO]+ (g)	1067700	1061400	1900
7439-90-9	Krypton	Kr (g)	0	0	0
7440-01-9	Neon	Ne (g)	0	0	0
7440-37-1	Argon	Ar (g)	0	0	0
7440-44-0	Carbon atom	C (g)	711388	716873	57
7440-59-7	Helium	He (g)	0	0	0
7440-63-3	Xenon	Xe (g)	0	0	0
75-00-3	Ethyl chloride	CH3CH2Cl (g)	-96650	-111240	220
75-01-4	Vinyl chloride	CH2CHCl (g)	29570	22100	350
75-02-5	Vinyl fluoride	CH2CHF (g)	-134700	-142500	1100
75-03-6	Ethyl iodide	CH3CH2I (g)	8820	-7060	380
75-07-0	Acetaldehyde	CH3CHO (g)	-154900	-165370	320
75-09-2	Methylene chloride	CH2Cl2 (g)	-87820	-94680	600
75-10-5	Methylene fluoride	CH2F2 (g)	-443460	-451040	460
75-13-8	Isocyanic acid	HNCO (g)	-116060	-119050	370
75-19-4	Cyclopropane	CH2(CH2CH2) (g)	70780	53640	520
75-21-8	Oxirane	O(CH2CH2) (g)	-40140	-52680	440
75-25-2	Bromoform	CBr3H (g)	73500	47400	1300
75-27-4	Bromodichloromethane	CHCl2Br (g)	-39800	-51500	5500
75-28-5	Isobutane	CH3CH(CH3)CH3 (g)	-106760	-135360	400
75-34-3	1,1-Dichloroethane	CHCl2CH3 (g)	-114700	-127400	1100
75-36-5	Acetyl chloride	CH3C(O)Cl (g)	-232590	-241460	340
75-37-6	1,1-Difluoroethane	CHF2CH3 (g)	-486700	-500500	5800
75-38-7	Difluorovinylidene	CH2CF2 (g)	-326000	-332900	2400
75-43-4	Fluorodichloromethane	CHFCl2 (g)	-279100	-284500	1300
75-44-5	Phosgene	COCl2 (g)	-217340	-219030	280
75-45-6	Chlorodifluoromethane	CHClF2 (g)	-476700	-482800	1200
75-46-7	Fluoroform	CF3H (g)	-688900	-695850	560
75-50-3	Trimethylamine	(CH3)3N (g)	4540	-24020	640
75-61-6	Difluorodibromomethane	CF2Br2 (g)	-366800	-384500	1400
75-62-7	Bromotrichloromethane	CCl3Br (g)	-33880	-43030	740
75-63-8	Bromotrifluoromethane	CF3Br (g)	-640050	-652170	600
75-69-4	Fluorotrichloromethane	CCl3F (g)	-287500	-290700	1200
75-71-8	Difluorodichloromethane	CF2Cl2 (g)	-491050	-495810	980
75-72-9	Chlorotrifluoromethane	CF3Cl (g)	-705200	-710300	750
75-73-0	Tetrafluoromethane	CF4 (g)	-927410	-933380	270
7553-56-2	Diiodine	I2 (g)	65497	62417	4
7572-29-4	1,2-Dichloroacetylene	ClCCCl (g)	230500	233800	1900
75754-69-7	Isocyanogen chloride	ClNC (g)	314800	316600	2500
76-16-4	Hexafluoroethane	CF3CF3 (g)	-1342200	-1350500	1700
76211-32-0	Ammonia anion	[NH3]- (g)	38300	31400	2800
7647-01-0	Hydrogen chloride	HCl (g)	-91989	-92173	6
76619-90-4	Cyanomethyliumylidene	[CCN]+ (g)	1710100	1715600	6300
7664-39-3	Hydrogen fluoride	HF (g)	-272664	-272711	57
7664-41-7	Ammonia	NH3 (g)	-38565	-45558	30
7697-37-2	Nitric acid	HNO3 (g)	-124450	-134160	180
7722-84-1	Hydrogen peroxide	H2O2 (g)	-129452	-135442	64
7726-95-6	Dibromine	Br2 (g)	45680	30880	120
7727-37-9	Nitrogen molecule	N2 (g)	0	0	0
7732-18-5	Water	H2O (g)	-238919	-241822	27
7782-41-4	Fluorine molecule	F2 (g)	0	0	0
7782-44-7	Oxygen molecule	O2 (g)	0	0	0
7782-50-5	Chlorine molecule	Cl2 (g)	0	0	0
7782-77-6	Nitrous acid	HONO (g)	-73044	-78701	79
7782-79-8	Hydrazoic acid	HNNN (g)	298130	291830	580
7783-41-7	Oxygen difluoride	FOF (g)	26930	24670	250
7783-44-0	Dioxygen difluoride	FOOF (g)	37330	33610	380
7783-45-1	Dioxygen difluoride anion	[FOOF]- (g)	-235600	-235800	5600
7789-33-5	Iodine monobromide	IBr (g)	49716	40769	66
7790-89-8	Chlorine fluoride	ClF (g)	-55608	-55703	62
7790-92-3	Hypochlorous acid	HOCl (g)	-73865	-76805	28
7790-99-0	Iodine monochloride	ICl (g)	19024	17391	13
7803-49-8	Hydroxylamine	NH2OH (g)	-33120	-43480	490
78271-45-1	Isocyanomethyliumylidene	[CNC]+ (g)	1612100	1617700	6200
78800-21-2	Diisocyanogen	CNNC (g)	610100	613000	1700
78800-22-3	Diisocyanogen anion	[CNNC]- (g)	456700	463600	5700
78944-68-0	Acetyl anion	[CH3CO]- (g)	-43800	-49400	2000
78949-84-5	1-Ethylium-1-ylidene	[CH3C]+ (g)	1329800	1326700	2800
791121-04-5	Dioxymethylidyne	COO (g)	295100	296300	2100
80371-48-8	Hydroxyoxoammoniumyl	[HONO]+ (g)	983700	977200	1700
80541-07-7	1-Ethenylium-1-yl	[CCH2]+ (g)	1508600	1509000	2700
81096-79-9	Methylamine anion	[CH3NH2]- (g)	69100	54900	4000
81182-81-2	Iodosyl ion	[IO]+ (g)	1066100	1064100	2000
81747-63-9	Isoformyl anion	[COH]- (g)	50800	53400	2700
822-35-5	Cyclobutene	C4H6 (g)	173900	156900	1600
82267-15-0	Nitrosomethylidyne	CNO (g)	388600	390000	1700
82539-34-2	Methylimidogen anion	[H3CN]- (g)	322300	314600	1800
83483-98-1	C=O-C cation	[COC]+ (g)	1575900	1582900	2300
83951-85-3	Isocyanogen	CNCN (g)	410700	413000	1600
84005-02-7	Ethynol cation	[HCCOH]+ (g)	1063000	1060800	2600
84654-89-7	Aminomethylidyne	CNH2 (g)	372300	368800	1500
85944-79-2	1-Ethylium-1-yl	[CH3CH]+ (g)	1185700	1178600	2600
86475-50-5	Methoxyoxoniumylidene	[CH3OO]+ (g)	1010900	1002500	2400
86784-42-1	Aminomethyliumylidene	[CNH2]+ (g)	1168900	1165700	2600
86825-50-5	Fluorosyl fluoride cation	[FFO]+ (g)	1409300	1409600	6300
86825-57-2	Fluorosyl fluoride	FFO (g)	189200	189500	4800
87191-88-6	Dicarbon monoxide anion	[CCO]- (g)	152600	156300	1400
88032-18-2	1-Hydroxyethyl anion	[CH3CHOH]- (g)	-19700	-33100	2500
89302-94-3	Aminomethyliumyl	[HCNH2]+ (g)	1040800	1033100	2600
89342-91-6	1-Propynyl	CH3CC (g)	530320	528350	1010
89877-52-1	Fluoromethyliumyl	[CHF]+ (g)	1116900	1117200	2100
89965-38-8	Hydrogen trioxide anion	[OO(H)O]- (g)	27700	22300	1500
90243-22-4	Hypofluorous acid cation	[HOF]+ (g)	1142020	1139090	900
90623-30-6	Iminomethyl anion	[HCNH]- (g)	239000	235300	2000
92056-63-8	Oxoethenylium	[HCCO]+ (g)	1139000	1141700	2500
93207-29-5	Dioxymethyl anion	[H2COO]- (g)	57200	51200	2500
94664-69-4	Oxirene cation	[O(CHCH)]+ (g)	1109700	1106100	5300
99766-68-4	Formyl fluoride cation	[HFCO]+ (g)	816300	813000	1300
